state,recording_id,common_name,scientific_name,quality,date,time,latitude,longitude,duration,audio_url,source_url,license,selection_seed,selection_method
CA,375492,African Collared Dove,Streptopelia roseogrisea,A,2017-06-14,15:00,33.922,-117.2617,0:05,https://xeno-canto.org/375492/download,https://xeno-canto.org/375492,https://creativecommons.org/licenses/by-nc-sa/4.0/,42,species_stratified_round_robin
CA,952203,Allen's Hummingbird,Selasphorus sasin,A,2024-11-24,08:00,33.6104,-117.7392,0:38,https://xeno-canto.org/952203/download,https://xeno-canto.org/952203,https://creativecommons.org/licenses/by-nc-sa/4.0/,42,species_stratified_round_robin
CA,452094,American Coot,Fulica americana,A,2018-01-30,12:56,33.2016,-115.597,0:18,https://xeno-canto.org/452094/download,https://xeno-canto.org/452094,https://creativecommons.org/licenses/by-nc-sa/4.0/,42,species_stratified_round_robin
CA,172887,American Wigeon,Mareca americana,B,2012-03-23,09:54,32.564,-117.1256,0:11,https://xeno-canto.org/172887/download,https://xeno-canto.org/172887,https://creativecommons.org/licenses/by-nc-sa/4.0/,42,species_stratified_round_robin
CA,449497,Anna's Hummingbird,Calypte anna,A,2018-10-21,07:46,32.686,-117.243,1:50,https://xeno-canto.org/449497/download,https://xeno-canto.org/449497,https://creativecommons.org/licenses/by-nc-sa/4.0/,42,species_stratified_round_robin
CA,807038,Band-tailed Pigeon,Patagioenas fasciata,B,2023-06-02,08:35,39.1855,-120.5591,0:25,https://xeno-canto.org/807038/download,https://xeno-canto.org/807038,https://creativecommons.org/licenses/by-nc-sa/4.0/,42,species_stratified_round_robin
CA,380363,Black Rail,Laterallus jamaicensis,A,2017-07-18,18:00,38.5419,-121.5816,0:24,https://xeno-canto.org/380363/download,https://xeno-canto.org/380363,https://creativecommons.org/licenses/by-nc-sa/4.0/,42,species_stratified_round_robin
CA,691650,Black-chinned Hummingbird,Archilochus alexandri,B,2021-04-26,05:30,36.111,-117.1803,0:00,https://xeno-canto.org/691650/download,https://xeno-canto.org/691650,https://creativecommons.org/licenses/by-nc-sa/4.0/,42,species_stratified_round_robin
CA,964245,Blue-winged Teal,Spatula discors,B,2025-01-16,14:31,35.3217,-120.842,0:05,https://xeno-canto.org/964245/download,https://xeno-canto.org/964245,https://creativecommons.org/licenses/by-nc-sa/4.0/,42,species_stratified_round_robin
CA,163349,Brant Goose,Branta bernicla,B,2012-02-16,13:22,32.7802,-117.2154,0:03,https://xeno-canto.org/163349/download,https://xeno-canto.org/163349,https://creativecommons.org/licenses/by-nc-sa/3.0/,42,species_stratified_round_robin
CA,619062,Broad-billed Hummingbird,Cynanthus latirostris,A,2021-01-31,08:00,38.5532,-121.7512,0:47,https://xeno-canto.org/619062/download,https://xeno-canto.org/619062,https://creativecommons.org/licenses/by-nc-sa/4.0/,42,species_stratified_round_robin
CA,585126,Broad-tailed Hummingbird,Selasphorus platycercus,B,2020-05-24,09:00,37.4299,-118.0801,0:08,https://xeno-canto.org/585126/download,https://xeno-canto.org/585126,https://creativecommons.org/licenses/by-nc-sa/4.0/,42,species_stratified_round_robin
CA,361916,Bufflehead,Bucephala albeola,B,2017-01-28,14:00,40.8581,-124.0905,0:30,https://xeno-canto.org/361916/download,https://xeno-canto.org/361916,https://creativecommons.org/licenses/by-nc-sa/4.0/,42,species_stratified_round_robin
CA,144038,Cackling Goose,Branta hutchinsii,A,2009-01-15,09:30,40.6864,-124.2127,1:09,https://xeno-canto.org/144038/download,https://xeno-canto.org/144038,https://creativecommons.org/licenses/by-nc-sa/3.0/,42,species_stratified_round_robin
CA,503346,California Quail,Callipepla californica,A,2019-08-22,09:00,37.1716,-122.2228,0:22,https://xeno-canto.org/503346/download,https://xeno-canto.org/503346,https://creativecommons.org/licenses/by-nc-sa/4.0/,42,species_stratified_round_robin
CA,132946,Calliope Hummingbird,Selasphorus calliope,B,2000-06-14,?,34.2109,-116.8013,0:05,https://xeno-canto.org/132946/download,https://xeno-canto.org/132946,https://creativecommons.org/licenses/by-nc-sa/3.0/,42,species_stratified_round_robin
CA,1089596,Canada Goose,Branta canadensis,B,2026-03-19,08:41,38.5321,-121.0686,0:21,https://xeno-canto.org/1089596/download,https://xeno-canto.org/1089596,https://creativecommons.org/licenses/by-nc-sa/4.0/,42,species_stratified_round_robin
CA,914676,Chukar Partridge,Alectoris chukar,B,2024-06-15,06:00,41.0393,-119.9806,0:49,https://xeno-canto.org/914676/download,https://xeno-canto.org/914676,https://creativecommons.org/licenses/by-nc-sa/4.0/,42,species_stratified_round_robin
CA,323984,Cinnamon Teal,Spatula cyanoptera,B,2015-04-27,17:22,33.2215,-115.5825,0:07,https://xeno-canto.org/323984/download,https://xeno-canto.org/323984,https://creativecommons.org/licenses/by-nc-sa/4.0/,42,species_stratified_round_robin
CA,140011,Common Gallinule,Gallinula galeata,B,2013-06-23,10:45,32.8688,-114.4516,0:45,https://xeno-canto.org/140011/download,https://xeno-canto.org/140011,https://creativecommons.org/licenses/by-nc-sa/3.0/,42,species_stratified_round_robin
CA,286971,Common Ground Dove,Columbina passerina,B,2015-04-26,10:21,32.5547,-117.0634,0:50,https://xeno-canto.org/286971/download,https://xeno-canto.org/286971,https://creativecommons.org/licenses/by-nc-sa/4.0/,42,species_stratified_round_robin
CA,660470,Common Nighthawk,Chordeiles minor,A,2021-06-29,05:00,38.3068,-119.4194,0:13,https://xeno-canto.org/660470/download,https://xeno-canto.org/660470,https://creativecommons.org/licenses/by-nc-sa/4.0/,42,species_stratified_round_robin
CA,720644,Common Pheasant,Phasianus colchicus,B,2022-04-28,11:02,39.1753,-122.0482,0:08,https://xeno-canto.org/720644/download,https://xeno-canto.org/720644,https://creativecommons.org/licenses/by-nc-sa/4.0/,42,species_stratified_round_robin
CA,461828,Common Poorwill,Phalaenoptilus nuttallii,A,2019-03-13,21:20,34.195,-118.1199,1:05,https://xeno-canto.org/461828/download,https://xeno-canto.org/461828,https://creativecommons.org/licenses/by-nc-sa/4.0/,42,species_stratified_round_robin
CA,670289,Costa's Hummingbird,Calypte costae,A,2021-08-22,18:00,37.7967,-122.4493,0:10,https://xeno-canto.org/670289/download,https://xeno-canto.org/670289,https://creativecommons.org/licenses/by-nc-sa/4.0/,42,species_stratified_round_robin
CA,738058,Dusky Grouse,Dendragapus obscurus,B,2022-07-13,19:30,40.646,-115.3812,0:28,https://xeno-canto.org/738058/download,https://xeno-canto.org/738058,https://creativecommons.org/licenses/by-nc-sa/4.0/,42,species_stratified_round_robin
CA,135438,Eastern Whip-poor-will,Antrostomus vociferus,A,2013-05-27,21:00,37.0091,-121.8574,1:00,https://xeno-canto.org/135438/download,https://xeno-canto.org/135438,https://creativecommons.org/licenses/by-nc-sa/3.0/,42,species_stratified_round_robin
CA,212892,Egyptian Goose,Alopochen aegyptiaca,A,2015-02-10,17:00,33.6377,-117.6409,0:25,https://xeno-canto.org/212892/download,https://xeno-canto.org/212892,https://creativecommons.org/licenses/by-nc-sa/4.0/,42,species_stratified_round_robin
CA,541633,Eurasian Collared Dove,Streptopelia decaocto,B,2020-04-03,06:35,32.6003,-116.8419,2:15,https://xeno-canto.org/541633/download,https://xeno-canto.org/541633,https://creativecommons.org/licenses/by-nc-sa/4.0/,42,species_stratified_round_robin
CA,297470,Gadwall,Mareca strepera,B,2015-03-18,09:30,35.0307,-120.6205,0:24,https://xeno-canto.org/297470/download,https://xeno-canto.org/297470,https://creativecommons.org/licenses/by-nc-sa/4.0/,42,species_stratified_round_robin
CA,357823,Gambel's Quail,Callipepla gambelii,B,2017-02-15,7:40,32.9694,-115.5552,0:47,https://xeno-canto.org/357823/download,https://xeno-canto.org/357823,https://creativecommons.org/licenses/by-nc-sa/4.0/,42,species_stratified_round_robin
CA,163986,Greater Roadrunner,Geococcyx californianus,B,2012-03-11,11:42,32.544,-117.109,0:06,https://xeno-canto.org/163986/download,https://xeno-canto.org/163986,https://creativecommons.org/licenses/by-nc-sa/3.0/,42,species_stratified_round_robin
CA,445707,Greater White-fronted Goose,Anser albifrons,A,2018-12-06,12:07,39.1753,-122.0482,0:11,https://xeno-canto.org/445707/download,https://xeno-canto.org/445707,https://creativecommons.org/licenses/by-nc-sa/4.0/,42,species_stratified_round_robin
CA,964290,Green-winged Teal,Anas carolinensis,B,2025-01-16,14:47,35.3217,-120.842,2:21,https://xeno-canto.org/964290/download,https://xeno-canto.org/964290,https://creativecommons.org/licenses/by-nc-sa/4.0/,42,species_stratified_round_robin
CA,562113,Inca Dove,Columbina inca,B,2020-05-25,06:30,33.4079,-114.6582,0:32,https://xeno-canto.org/562113/download,https://xeno-canto.org/562113,https://creativecommons.org/licenses/by-nc-sa/4.0/,42,species_stratified_round_robin
CA,490945,Lesser Nighthawk,Chordeiles acutipennis,A,2018-07-06,20:30,38.71,-122.0428,0:24,https://xeno-canto.org/490945/download,https://xeno-canto.org/490945,https://creativecommons.org/licenses/by-nc-sa/4.0/,42,species_stratified_round_robin
CA,574653,Lesser Scaup,Aythya affinis,B,2018-06-10,10:40,40.1756,-115.4798,0:12,https://xeno-canto.org/574653/download,https://xeno-canto.org/574653,https://creativecommons.org/licenses/by-nc-sa/4.0/,42,species_stratified_round_robin
CA,527676,Mallard,Anas platyrhynchos,B,2020-02-09,8:37,35.329,-120.4782,0:21,https://xeno-canto.org/527676/download,https://xeno-canto.org/527676,https://creativecommons.org/licenses/by-nc-sa/4.0/,42,species_stratified_round_robin
CA,134480,Mexican Whip-poor-will,Antrostomus arizonae,B,2013-05-21,21:55,34.219,-116.8064,1:11,https://xeno-canto.org/134480/download,https://xeno-canto.org/134480,https://creativecommons.org/licenses/by-nc-sa/3.0/,42,species_stratified_round_robin
CA,282613,Mountain Quail,Oreortyx pictus,B,2015-04-08,07:08,32.7765,-116.4505,3:26,https://xeno-canto.org/282613/download,https://xeno-canto.org/282613,https://creativecommons.org/licenses/by-nc-sa/4.0/,42,species_stratified_round_robin
CA,286968,Mourning Dove,Zenaida macroura,B,2015-05-03,07:49,32.6287,-116.923,1:46,https://xeno-canto.org/286968/download,https://xeno-canto.org/286968,https://creativecommons.org/licenses/by-nc-sa/4.0/,42,species_stratified_round_robin
CA,574647,Northern Bobwhite,Colinus virginianus,B,2020-07-04,19:00,34.2008,-118.6528,0:25,https://xeno-canto.org/574647/download,https://xeno-canto.org/574647,https://creativecommons.org/licenses/by-nc-sa/4.0/,42,species_stratified_round_robin
CA,621202,Northern Pintail,Anas acuta,B,2021-02-12,08:31,32.564,-117.1256,0:45,https://xeno-canto.org/621202/download,https://xeno-canto.org/621202,https://creativecommons.org/licenses/by-nc-sa/4.0/,42,species_stratified_round_robin
CA,168805,Northern Shoveler,Spatula clypeata,A,2013-02-09,07:30,36.0753,-115.0101,0:31,https://xeno-canto.org/168805/download,https://xeno-canto.org/168805,https://creativecommons.org/licenses/by-nc-sa/3.0/,42,species_stratified_round_robin
CA,348974,Redhead,Aythya americana,B,2017-01-02,10:16,32.7896,-117.0443,0:07,https://xeno-canto.org/348974/download,https://xeno-canto.org/348974,https://creativecommons.org/licenses/by-nc-sa/4.0/,42,species_stratified_round_robin
CA,283095,Ridgway's Rail,Rallus obsoletus,A,2015-04-21,08:47,32.564,-117.1256,0:16,https://xeno-canto.org/283095/download,https://xeno-canto.org/283095,https://creativecommons.org/licenses/by-nc-sa/4.0/,42,species_stratified_round_robin
CA,488173,Rock Dove,Columba livia,B,2019-07-18,06:55,32.6185,-117.1029,0:17,https://xeno-canto.org/488173/download,https://xeno-canto.org/488173,https://creativecommons.org/licenses/by-nc-sa/4.0/,42,species_stratified_round_robin
CA,458919,Ross's Goose,Anser rossii,B,2018-01-19,11:28,33.0881,-115.7097,0:31,https://xeno-canto.org/458919/download,https://xeno-canto.org/458919,https://creativecommons.org/licenses/by-nc-sa/4.0/,42,species_stratified_round_robin
CA,664841,Ruddy Duck,Oxyura jamaicensis,A,2021-07-18,07:33,32.6287,-116.923,0:20,https://xeno-canto.org/664841/download,https://xeno-canto.org/664841,https://creativecommons.org/licenses/by-nc-sa/4.0/,42,species_stratified_round_robin
CA,486226,Ruffed Grouse,Bonasa umbellus,B,2019-07-08,05:30,41.6858,-117.5565,0:48,https://xeno-canto.org/486226/download,https://xeno-canto.org/486226,https://creativecommons.org/licenses/by-nc-sa/4.0/,42,species_stratified_round_robin
CA,669065,Rufous Hummingbird,Selasphorus rufus,B,2021-08-15,14:30,37.3607,-118.3995,0:29,https://xeno-canto.org/669065/download,https://xeno-canto.org/669065,https://creativecommons.org/licenses/by-nc-sa/4.0/,42,species_stratified_round_robin
CA,453180,Sandhill Crane,Antigone canadensis,B,2018-01-17,17:30,33.354,-114.6867,0:24,https://xeno-canto.org/453180/download,https://xeno-canto.org/453180,https://creativecommons.org/licenses/by-nc-sa/4.0/,42,species_stratified_round_robin
CA,384977,Short-billed Gull,Larus brachyrhynchus,B,2017-01-27,16:46,40.5942,-124.2411,0:24,https://xeno-canto.org/384977/download,https://xeno-canto.org/384977,https://creativecommons.org/licenses/by-nc-sa/4.0/,42,species_stratified_round_robin
CA,121403,Snow Goose,Anser caerulescens,B,2013-02-03,11:15,34.8,-114.522,0:35,https://xeno-canto.org/121403/download,https://xeno-canto.org/121403,https://creativecommons.org/licenses/by-nc-sa/3.0/,42,species_stratified_round_robin
CA,378274,Sooty Grouse,Dendragapus fuliginosus,B,2017-06-30,17:30,38.9131,-120.0722,0:58,https://xeno-canto.org/378274/download,https://xeno-canto.org/378274,https://creativecommons.org/licenses/by-nc-sa/4.0/,42,species_stratified_round_robin
CA,228580,Sora,Porzana carolina,A,2007-02-14,16:00,33.1188,-115.7945,0:07,https://xeno-canto.org/228580/download,https://xeno-canto.org/228580,https://creativecommons.org/licenses/by-nc-nd/4.0/,42,species_stratified_round_robin
CA,362097,Surf Scoter,Melanitta perspicillata,B,2017-02-05,07:27,32.7086,-117.1714,0:05,https://xeno-canto.org/362097/download,https://xeno-canto.org/362097,https://creativecommons.org/licenses/by-nc-sa/4.0/,42,species_stratified_round_robin
CA,395208,Tundra Swan,Cygnus columbianus,B,2017-01-28,15:54,40.6864,-124.2127,0:22,https://xeno-canto.org/395208/download,https://xeno-canto.org/395208,https://creativecommons.org/licenses/by-nc-sa/4.0/,42,species_stratified_round_robin
CA,256444,Vaux's Swift,Chaetura vauxi,B,2015-07-11,08:14,40.8702,-124.1157,0:23,https://xeno-canto.org/256444/download,https://xeno-canto.org/256444,https://creativecommons.org/licenses/by-nc-sa/4.0/,42,species_stratified_round_robin
CA,120845,Virginia Rail,Rallus limicola,B,2012-04-18,?,32.875,-114.457,0:15,https://xeno-canto.org/120845/download,https://xeno-canto.org/120845,https://creativecommons.org/licenses/by-nc-sa/3.0/,42,species_stratified_round_robin
CA,552939,White-throated Swift,Aeronautes saxatalis,A,2020-04-29,09:07,32.9343,-116.4822,0:19,https://xeno-canto.org/552939/download,https://xeno-canto.org/552939,https://creativecommons.org/licenses/by-nc-sa/4.0/,42,species_stratified_round_robin
CA,232953,White-winged Dove,Zenaida asiatica,A,2011-06-14,15:11,32.8473,-114.4915,2:00,https://xeno-canto.org/232953/download,https://xeno-canto.org/232953,https://creativecommons.org/licenses/by-nc-sa/4.0/,42,species_stratified_round_robin
CA,377125,Wild Turkey,Meleagris gallopavo,A,2017-06-20,8:04,35.332,-120.415,3:13,https://xeno-canto.org/377125/download,https://xeno-canto.org/377125,https://creativecommons.org/licenses/by-nc-sa/4.0/,42,species_stratified_round_robin
CA,450846,Wood Duck,Aix sponsa,A,2018-05-27,08:53,38.2443,-121.4127,0:38,https://xeno-canto.org/450846/download,https://xeno-canto.org/450846,https://creativecommons.org/licenses/by-nc-sa/4.0/,42,species_stratified_round_robin
CA,572270,Yellow Rail,Coturnicops noveboracensis,B,2020-06-23,17:00,41.9927,-120.326,0:41,https://xeno-canto.org/572270/download,https://xeno-canto.org/572270,https://creativecommons.org/licenses/by-nc-sa/4.0/,42,species_stratified_round_robin
CA,265124,Yellow-billed Cuckoo,Coccyzus americanus,B,2015-08-01,09:25,40.8702,-124.1157,3:53,https://xeno-canto.org/265124/download,https://xeno-canto.org/265124,https://creativecommons.org/licenses/by-nc-sa/4.0/,42,species_stratified_round_robin
CA,375491,African Collared Dove,Streptopelia roseogrisea,A,2017-06-14,14:30,33.922,-117.2617,0:09,https://xeno-canto.org/375491/download,https://xeno-canto.org/375491,https://creativecommons.org/licenses/by-nc-sa/4.0/,42,species_stratified_round_robin
CA,691005,Allen's Hummingbird,Selasphorus sasin,A,2021-12-11,09:28,32.5747,-117.1264,0:31,https://xeno-canto.org/691005/download,https://xeno-canto.org/691005,https://creativecommons.org/licenses/by-nc-sa/4.0/,42,species_stratified_round_robin
CA,363448,American Coot,Fulica americana,B,2017-03-26,15:31,35.465,-120.667,1:08,https://xeno-canto.org/363448/download,https://xeno-canto.org/363448,https://creativecommons.org/licenses/by-nc-sa/4.0/,42,species_stratified_round_robin
CA,17795,American Wigeon,Mareca americana,A,2008-01-07,13:00,33.64224,-117.88672,0:19,https://xeno-canto.org/17795/download,https://xeno-canto.org/17795,https://creativecommons.org/licenses/by-nc-nd/2.5/,42,species_stratified_round_robin
CA,695151,Anna's Hummingbird,Calypte anna,B,2022-01-01,07:16,32.5458,-117.0737,0:33,https://xeno-canto.org/695151/download,https://xeno-canto.org/695151,https://creativecommons.org/licenses/by-nc-sa/4.0/,42,species_stratified_round_robin
CA,585340,Band-tailed Pigeon,Patagioenas fasciata,B,2020-08-28,07:58,32.8598,-116.4343,0:13,https://xeno-canto.org/585340/download,https://xeno-canto.org/585340,https://creativecommons.org/licenses/by-nc-sa/4.0/,42,species_stratified_round_robin
CA,167459,Black Rail,Laterallus jamaicensis,B,2013-06-30,09:30,37.442,-122.008,0:10,https://xeno-canto.org/167459/download,https://xeno-canto.org/167459,https://creativecommons.org/licenses/by-nc-sa/3.0/,42,species_stratified_round_robin
CA,547258,Black-chinned Hummingbird,Archilochus alexandri,B,2020-04-13,18:30,33.658,-114.5279,0:18,https://xeno-canto.org/547258/download,https://xeno-canto.org/547258,https://creativecommons.org/licenses/by-nc-sa/4.0/,42,species_stratified_round_robin
CA,964250,Blue-winged Teal,Spatula discors,B,2025-01-16,14:33,35.3217,-120.842,0:23,https://xeno-canto.org/964250/download,https://xeno-canto.org/964250,https://creativecommons.org/licenses/by-nc-sa/4.0/,42,species_stratified_round_robin
CA,163344,Brant Goose,Branta bernicla,B,2012-11-29,07:39,32.7802,-117.2154,0:14,https://xeno-canto.org/163344/download,https://xeno-canto.org/163344,https://creativecommons.org/licenses/by-nc-sa/3.0/,42,species_stratified_round_robin
CA,877615,Broad-billed Hummingbird,Cynanthus latirostris,A,2024-02-23,10:00,34.1104,-117.8608,0:17,https://xeno-canto.org/877615/download,https://xeno-canto.org/877615,https://creativecommons.org/licenses/by-nc-sa/4.0/,42,species_stratified_round_robin
CA,652385,Broad-tailed Hummingbird,Selasphorus platycercus,B,2021-05-27,07:00,37.3607,-118.3995,0:24,https://xeno-canto.org/652385/download,https://xeno-canto.org/652385,https://creativecommons.org/licenses/by-nc-sa/4.0/,42,species_stratified_round_robin
CA,361920,Bufflehead,Bucephala albeola,A,2017-01-28,12:58,40.8581,-124.0905,0:03,https://xeno-canto.org/361920/download,https://xeno-canto.org/361920,https://creativecommons.org/licenses/by-nc-sa/4.0/,42,species_stratified_round_robin
CA,361084,Cackling Goose,Branta hutchinsii,B,2017-01-28,03:33,40.6864,-124.2127,0:16,https://xeno-canto.org/361084/download,https://xeno-canto.org/361084,https://creativecommons.org/licenses/by-nc-sa/4.0/,42,species_stratified_round_robin
CA,584999,California Quail,Callipepla californica,A,2020-08-26,09:51,32.6675,-116.9268,1:22,https://xeno-canto.org/584999/download,https://xeno-canto.org/584999,https://creativecommons.org/licenses/by-nc-sa/4.0/,42,species_stratified_round_robin
CA,1152009,Calliope Hummingbird,Selasphorus calliope,B,2026-06-25,08:12,38.8116,-120.377,0:20,https://xeno-canto.org/1152009/download,https://xeno-canto.org/1152009,https://creativecommons.org/licenses/by-nc-sa/4.0/,42,species_stratified_round_robin
CA,317033,Canada Goose,Branta canadensis,A,2016-05-02,8:46,37.274,-120.8467,0:34,https://xeno-canto.org/317033/download,https://xeno-canto.org/317033,https://creativecommons.org/licenses/by-nc-sa/4.0/,42,species_stratified_round_robin
CA,666132,Chukar Partridge,Alectoris chukar,B,2021-08-02,10:00,37.2433,-118.1934,0:21,https://xeno-canto.org/666132/download,https://xeno-canto.org/666132,https://creativecommons.org/licenses/by-nc-sa/4.0/,42,species_stratified_round_robin
CA,510630,Cinnamon Teal,Spatula cyanoptera,B,2019-06-22,07:00,41.9132,-119.4609,1:09,https://xeno-canto.org/510630/download,https://xeno-canto.org/510630,https://creativecommons.org/licenses/by-nc-sa/4.0/,42,species_stratified_round_robin
CA,223349,Common Gallinule,Gallinula galeata,A,2007-02-14,16:00,33.1188,-115.7945,0:16,https://xeno-canto.org/223349/download,https://xeno-canto.org/223349,https://creativecommons.org/licenses/by-nc-nd/4.0/,42,species_stratified_round_robin
CA,345878,Common Ground Dove,Columbina passerina,B,2015-04-17,13:19,33.177,-115.6156,0:55,https://xeno-canto.org/345878/download,https://xeno-canto.org/345878,https://creativecommons.org/licenses/by-nc-sa/4.0/,42,species_stratified_round_robin
CA,423314,Common Nighthawk,Chordeiles minor,B,2018-06-25,05:30,41.1921,-119.3143,0:23,https://xeno-canto.org/423314/download,https://xeno-canto.org/423314,https://creativecommons.org/licenses/by-nc-sa/4.0/,42,species_stratified_round_robin
CA,578134,Common Pheasant,Phasianus colchicus,A,2015-02-10,12:20,39.3212,-121.8164,1:08,https://xeno-canto.org/578134/download,https://xeno-canto.org/578134,https://creativecommons.org/licenses/by-nc-sa/4.0/,42,species_stratified_round_robin
CA,533394,Common Poorwill,Phalaenoptilus nuttallii,B,2020-03-06,20:57,34.268,-118.077,0:51,https://xeno-canto.org/533394/download,https://xeno-canto.org/533394,https://creativecommons.org/licenses/by-nc-sa/4.0/,42,species_stratified_round_robin
CA,799409,Costa's Hummingbird,Calypte costae,A,2023-05-06,08:33,35.1081,-120.0757,1:10,https://xeno-canto.org/799409/download,https://xeno-canto.org/799409,https://creativecommons.org/licenses/by-nc-sa/4.0/,42,species_stratified_round_robin
CA,135420,Eastern Whip-poor-will,Antrostomus vociferus,B,2013-05-27,21:30,37.0091,-121.8574,5:00,https://xeno-canto.org/135420/download,https://xeno-canto.org/135420,https://creativecommons.org/licenses/by-nc-sa/3.0/,42,species_stratified_round_robin
CA,195342,Egyptian Goose,Alopochen aegyptiaca,A,2014-09-12,17:27,34.1819,-118.4936,0:58,https://xeno-canto.org/195342/download,https://xeno-canto.org/195342,https://creativecommons.org/licenses/by-nc-sa/4.0/,42,species_stratified_round_robin
CA,481134,Eurasian Collared Dove,Streptopelia decaocto,B,2019-05-20,15:00,36.4728,-121.1873,0:32,https://xeno-canto.org/481134/download,https://xeno-canto.org/481134,https://creativecommons.org/licenses/by-nc-sa/4.0/,42,species_stratified_round_robin
CA,779907,Gadwall,Mareca strepera,B,2023-02-10,13:19,39.195,-122.0562,0:02,https://xeno-canto.org/779907/download,https://xeno-canto.org/779907,https://creativecommons.org/licenses/by-nc-sa/4.0/,42,species_stratified_round_robin
CA,475180,Gambel's Quail,Callipepla gambelii,A,2019-04-27,07:30,36.7152,-114.7146,0:49,https://xeno-canto.org/475180/download,https://xeno-canto.org/475180,https://creativecommons.org/licenses/by-nc-sa/4.0/,42,species_stratified_round_robin
CA,465656,Greater Roadrunner,Geococcyx californianus,B,2019-04-07,9:57,35.1617,-119.8244,2:46,https://xeno-canto.org/465656/download,https://xeno-canto.org/465656,https://creativecommons.org/licenses/by-nc-sa/4.0/,42,species_stratified_round_robin
CA,150244,Greater White-fronted Goose,Anser albifrons,B,2013-02-06,14:33,38.2657,-121.4393,0:10,https://xeno-canto.org/150244/download,https://xeno-canto.org/150244,https://creativecommons.org/licenses/by-nc-sa/3.0/,42,species_stratified_round_robin
CA,757764,Green-winged Teal,Anas carolinensis,B,2022-04-03,09:50,37.1858,-120.6202,0:15,https://xeno-canto.org/757764/download,https://xeno-canto.org/757764,https://creativecommons.org/licenses/by-nc-sa/4.0/,42,species_stratified_round_robin
CA,551487,Inca Dove,Columbina inca,B,2020-04-27,06:30,33.4102,-114.6633,0:14,https://xeno-canto.org/551487/download,https://xeno-canto.org/551487,https://creativecommons.org/licenses/by-nc-sa/4.0/,42,species_stratified_round_robin
AZ,132209,Allen's Hummingbird,Selasphorus sasin,B,2011-07-10,13:08,31.906,-109.1543,0:08,https://xeno-canto.org/132209/download,https://xeno-canto.org/132209,https://creativecommons.org/licenses/by-nc-sa/3.0/,42,species_stratified_round_robin
AZ,700909,American Wigeon,Mareca americana,B,2019-10-22,07:01,31.34,-109.273,1:47,https://xeno-canto.org/700909/download,https://xeno-canto.org/700909,https://creativecommons.org/licenses/by-nc-sa/4.0/,42,species_stratified_round_robin
AZ,452506,Anna's Hummingbird,Calypte anna,B,2018-01-12,12:39,33.3607,-111.7343,0:05,https://xeno-canto.org/452506/download,https://xeno-canto.org/452506,https://creativecommons.org/licenses/by-nc-sa/4.0/,42,species_stratified_round_robin
AZ,491895,Band-tailed Pigeon,Patagioenas fasciata,A,2019-08-01,05:39,31.9202,-109.2624,1:23,https://xeno-canto.org/491895/download,https://xeno-canto.org/491895,https://creativecommons.org/licenses/by-nc-sa/4.0/,42,species_stratified_round_robin
AZ,145957,Berylline Hummingbird,Saucerottia beryllina,B,2013-06-03,18:53,31.906,-109.1543,0:35,https://xeno-canto.org/145957/download,https://xeno-canto.org/145957,https://creativecommons.org/licenses/by-nc-sa/3.0/,42,species_stratified_round_robin
AZ,728080,Black-bellied Whistling Duck,Dendrocygna autumnalis,B,2022-05-29,07:11,31.6136,-111.0413,0:19,https://xeno-canto.org/728080/download,https://xeno-canto.org/728080,https://creativecommons.org/licenses/by-nc-sa/4.0/,42,species_stratified_round_robin
AZ,132328,Black-chinned Hummingbird,Archilochus alexandri,B,2013-04-14,07:11,31.906,-109.1543,0:12,https://xeno-canto.org/132328/download,https://xeno-canto.org/132328,https://creativecommons.org/licenses/by-nc-sa/3.0/,42,species_stratified_round_robin
AZ,132452,Blue-throated Mountaingem,Lampornis clemenciae,A,2012-06-11,19:17,31.906,-109.1543,0:05,https://xeno-canto.org/132452/download,https://xeno-canto.org/132452,https://creativecommons.org/licenses/by-nc-sa/3.0/,42,species_stratified_round_robin
AZ,772323,Broad-billed Hummingbird,Cynanthus latirostris,B,2022-05-04,05:20,31.7244,-110.8805,0:45,https://xeno-canto.org/772323/download,https://xeno-canto.org/772323,https://creativecommons.org/licenses/by-nc-sa/4.0/,42,species_stratified_round_robin
AZ,132844,Broad-tailed Hummingbird,Selasphorus platycercus,B,2011-05-13,08:51,31.906,-109.1543,0:45,https://xeno-canto.org/132844/download,https://xeno-canto.org/132844,https://creativecommons.org/licenses/by-nc-sa/3.0/,42,species_stratified_round_robin
AZ,251890,Buff-collared Nightjar,Antrostomus ridgwayi,A,2015-06-04,20:30,31.404,-111.2401,0:15,https://xeno-canto.org/251890/download,https://xeno-canto.org/251890,https://creativecommons.org/licenses/by-nc-sa/4.0/,42,species_stratified_round_robin
AZ,710475,Bufflehead,Bucephala albeola,A,2021-01-17,13:02,31.34,-109.273,2:37,https://xeno-canto.org/710475/download,https://xeno-canto.org/710475,https://creativecommons.org/licenses/by-nc-sa/4.0/,42,species_stratified_round_robin
AZ,132948,Calliope Hummingbird,Selasphorus calliope,B,2010-09-16,07:43,31.932,-109.191,0:33,https://xeno-canto.org/132948/download,https://xeno-canto.org/132948,https://creativecommons.org/licenses/by-nc-sa/3.0/,42,species_stratified_round_robin
AZ,511453,Canada Goose,Branta canadensis,B,2019-12-10,08:52,33.3634,-111.7341,0:19,https://xeno-canto.org/511453/download,https://xeno-canto.org/511453,https://creativecommons.org/licenses/by-nc-sa/4.0/,42,species_stratified_round_robin
AZ,611977,Cinnamon Teal,Spatula cyanoptera,B,2020-03-22,17:36,31.5633,-109.716,0:08,https://xeno-canto.org/611977/download,https://xeno-canto.org/611977,https://creativecommons.org/licenses/by-nc-sa/4.0/,42,species_stratified_round_robin
AZ,608781,Common Nighthawk,Chordeiles minor,B,2020-05-26,04:37,33.4426,-109.4875,1:29,https://xeno-canto.org/608781/download,https://xeno-canto.org/608781,https://creativecommons.org/licenses/by-nc-sa/4.0/,42,species_stratified_round_robin
AZ,110689,Common Poorwill,Phalaenoptilus nuttallii,B,2012-05-22,05:00,34.285,-114.069,0:43,https://xeno-canto.org/110689/download,https://xeno-canto.org/110689,https://creativecommons.org/licenses/by-nc-nd/2.5/,42,species_stratified_round_robin
AZ,196870,Costa's Hummingbird,Calypte costae,B,2014-08-25,06:00,32.1999,-110.7666,1:18,https://xeno-canto.org/196870/download,https://xeno-canto.org/196870,https://creativecommons.org/licenses/by-nc-sa/4.0/,42,species_stratified_round_robin
AZ,623629,Gadwall,Mareca strepera,B,2019-12-20,07:33,31.34,-109.273,3:54,https://xeno-canto.org/623629/download,https://xeno-canto.org/623629,https://creativecommons.org/licenses/by-nc-sa/4.0/,42,species_stratified_round_robin
AZ,1080401,Gambel's Quail,Callipepla gambelii,A,2024-01-24,08:39,31.906,-109.1543,0:05,https://xeno-canto.org/1080401/download,https://xeno-canto.org/1080401,https://creativecommons.org/licenses/by-nc-sa/4.0/,42,species_stratified_round_robin
AZ,324293,Greater Roadrunner,Geococcyx californianus,B,2016-05-03,07:31,31.34,-109.273,3:47,https://xeno-canto.org/324293/download,https://xeno-canto.org/324293,https://creativecommons.org/licenses/by-nc-sa/4.0/,42,species_stratified_round_robin
AZ,453885,Greater White-fronted Goose,Anser albifrons,B,2017-12-23,14:15,32.233,-109.8269,0:22,https://xeno-canto.org/453885/download,https://xeno-canto.org/453885,https://creativecommons.org/licenses/by-nc-sa/4.0/,42,species_stratified_round_robin
AZ,265347,Green-winged Teal,Anas carolinensis,B,2015-02-09,13:00,34.0266,-109.4425,0:13,https://xeno-canto.org/265347/download,https://xeno-canto.org/265347,https://creativecommons.org/licenses/by-nc-sa/4.0/,42,species_stratified_round_robin
AZ,114789,Groove-billed Ani,Crotophaga sulcirostris,B,2012-11-24,09:40,32.2783,-111.0229,0:18,https://xeno-canto.org/114789/download,https://xeno-canto.org/114789,https://creativecommons.org/licenses/by-nc-sa/3.0/,42,species_stratified_round_robin
AZ,321958,Lesser Nighthawk,Chordeiles acutipennis,B,2015-06-24,05:18,31.8972,-109.0923,1:44,https://xeno-canto.org/321958/download,https://xeno-canto.org/321958,https://creativecommons.org/licenses/by-nc-sa/4.0/,42,species_stratified_round_robin
AZ,132967,Lucifer Sheartail,Calothorax lucifer,B,2013-04-18,17:21,31.906,-109.1543,1:51,https://xeno-canto.org/132967/download,https://xeno-canto.org/132967,https://creativecommons.org/licenses/by-nc-sa/3.0/,42,species_stratified_round_robin
AZ,511471,Mallard,Anas platyrhynchos,B,2019-12-10,10:26,33.3634,-111.7341,0:55,https://xeno-canto.org/511471/download,https://xeno-canto.org/511471,https://creativecommons.org/licenses/by-nc-sa/4.0/,42,species_stratified_round_robin
AZ,583806,Mexican Duck,Anas diazi,B,2020-03-28,07:47,32.084,-109.051,1:31,https://xeno-canto.org/583806/download,https://xeno-canto.org/583806,https://creativecommons.org/licenses/by-nc-sa/4.0/,42,species_stratified_round_robin
AZ,175369,Mexican Whip-poor-will,Antrostomus arizonae,B,2014-04-20,19:30,34.465,-112.4762,0:31,https://xeno-canto.org/175369/download,https://xeno-canto.org/175369,https://creativecommons.org/licenses/by-nc-sa/4.0/,42,species_stratified_round_robin
AZ,154199,Montezuma Quail,Cyrtonyx montezumae,B,2013-11-08,09:44,31.7124,-110.8651,0:59,https://xeno-canto.org/154199/download,https://xeno-canto.org/154199,https://creativecommons.org/licenses/by-nc-sa/3.0/,42,species_stratified_round_robin
AZ,452515,Northern Pintail,Anas acuta,B,2018-01-12,11:01,33.3607,-111.7343,0:04,https://xeno-canto.org/452515/download,https://xeno-canto.org/452515,https://creativecommons.org/licenses/by-nc-sa/4.0/,42,species_stratified_round_robin
AZ,218535,Northern Shoveler,Spatula clypeata,B,2007-02-17,06:55,31.4954,-110.8536,0:23,https://xeno-canto.org/218535/download,https://xeno-canto.org/218535,https://creativecommons.org/licenses/by-nc-nd/4.0/,42,species_stratified_round_robin
AZ,193254,Plain-capped Starthroat,Heliomaster constantii,B,2014-08-25,09:00,31.7244,-110.8805,0:06,https://xeno-canto.org/193254/download,https://xeno-canto.org/193254,https://creativecommons.org/licenses/by-nc-sa/4.0/,42,species_stratified_round_robin
AZ,583809,Ring-necked Duck,Aythya collaris,B,2020-03-15,11:12,31.34,-109.273,0:07,https://xeno-canto.org/583809/download,https://xeno-canto.org/583809,https://creativecommons.org/licenses/by-nc-sa/4.0/,42,species_stratified_round_robin
AZ,321736,Rivoli's Hummingbird,Eugenes fulgens,B,2015-06-09,06:29,31.906,-109.1543,0:59,https://xeno-canto.org/321736/download,https://xeno-canto.org/321736,https://creativecommons.org/licenses/by-nc-sa/4.0/,42,species_stratified_round_robin
AZ,567440,Ruddy Duck,Oxyura jamaicensis,B,2020-06-02,03:50,34.3052,-110.0276,0:45,https://xeno-canto.org/567440/download,https://xeno-canto.org/567440,https://creativecommons.org/licenses/by-nc-sa/4.0/,42,species_stratified_round_robin
AZ,133556,Rufous Hummingbird,Selasphorus rufus,A,2013-04-19,17:10,31.906,-109.1543,0:15,https://xeno-canto.org/133556/download,https://xeno-canto.org/133556,https://creativecommons.org/licenses/by-nc-sa/3.0/,42,species_stratified_round_robin
AZ,1080405,Scaled Quail,Callipepla squamata,A,2023-07-21,06:20,31.5288,-109.5314,5:50,https://xeno-canto.org/1080405/download,https://xeno-canto.org/1080405,https://creativecommons.org/licenses/by-nc-sa/4.0/,42,species_stratified_round_robin
AZ,624546,Snow Goose,Anser caerulescens,B,2020-11-03,09:54,31.34,-109.273,0:41,https://xeno-canto.org/624546/download,https://xeno-canto.org/624546,https://creativecommons.org/licenses/by-nc-sa/4.0/,42,species_stratified_round_robin
AZ,626768,Violet-crowned Hummingbird,Leucolia violiceps,A,2020-08-22,13:05,31.355,-109.044,5:13,https://xeno-canto.org/626768/download,https://xeno-canto.org/626768,https://creativecommons.org/licenses/by-nc-sa/4.0/,42,species_stratified_round_robin
AZ,974054,White-eared Hummingbird,Basilinna leucotis,B,2005-05-16,17:45,31.883,-109.207,1:29,https://xeno-canto.org/974054/download,https://xeno-canto.org/974054,https://creativecommons.org/licenses/by-nc-sa/4.0/,42,species_stratified_round_robin
AZ,48224,White-throated Swift,Aeronautes saxatalis,A,2009-11-05,?,33.5217,-111.6726,0:30,https://xeno-canto.org/48224/download,https://xeno-canto.org/48224,https://creativecommons.org/licenses/by-nc-nd/2.5/,42,species_stratified_round_robin
AZ,778410,Wild Turkey,Meleagris gallopavo,A,2022-05-04,07:17,31.7287,-110.8758,1:12,https://xeno-canto.org/778410/download,https://xeno-canto.org/778410,https://creativecommons.org/licenses/by-nc-sa/4.0/,42,species_stratified_round_robin
AZ,87027,Yellow-billed Cuckoo,Coccyzus americanus,B,2011-08-26,08:09,31.5,-110.818,1:56,https://xeno-canto.org/87027/download,https://xeno-canto.org/87027,https://creativecommons.org/licenses/by-nc-nd/2.5/,42,species_stratified_round_robin
AZ,132208,Allen's Hummingbird,Selasphorus sasin,B,2011-07-10,13:14,31.906,-109.1543,0:26,https://xeno-canto.org/132208/download,https://xeno-canto.org/132208,https://creativecommons.org/licenses/by-nc-sa/3.0/,42,species_stratified_round_robin
AZ,408852,American Wigeon,Mareca americana,B,2017-12-24,10:03,32.2791,-111.021,2:21,https://xeno-canto.org/408852/download,https://xeno-canto.org/408852,https://creativecommons.org/licenses/by-nc-nd/4.0/,42,species_stratified_round_robin
AZ,75505,Anna's Hummingbird,Calypte anna,B,2011-04-10,18:15,32.2784,-110.9509,0:01,https://xeno-canto.org/75505/download,https://xeno-canto.org/75505,https://creativecommons.org/licenses/by-nc-nd/2.5/,42,species_stratified_round_robin
AZ,491896,Band-tailed Pigeon,Patagioenas fasciata,A,2019-08-01,07:47,31.9202,-109.2624,0:18,https://xeno-canto.org/491896/download,https://xeno-canto.org/491896,https://creativecommons.org/licenses/by-nc-sa/4.0/,42,species_stratified_round_robin
AZ,145955,Berylline Hummingbird,Saucerottia beryllina,B,2013-06-03,18:14,31.906,-109.1543,0:16,https://xeno-canto.org/145955/download,https://xeno-canto.org/145955,https://creativecommons.org/licenses/by-nc-sa/3.0/,42,species_stratified_round_robin
AZ,219022,Black-chinned Hummingbird,Archilochus alexandri,B,2007-02-16,17:00,31.7287,-110.8758,0:18,https://xeno-canto.org/219022/download,https://xeno-canto.org/219022,https://creativecommons.org/licenses/by-nc-nd/4.0/,42,species_stratified_round_robin
AZ,321717,Blue-throated Mountaingem,Lampornis clemenciae,A,2015-06-13,12:51,31.906,-109.1543,0:17,https://xeno-canto.org/321717/download,https://xeno-canto.org/321717,https://creativecommons.org/licenses/by-nc-sa/4.0/,42,species_stratified_round_robin
AZ,132684,Broad-billed Hummingbird,Cynanthus latirostris,B,2013-04-24,17:11,31.906,-109.1543,0:48,https://xeno-canto.org/132684/download,https://xeno-canto.org/132684,https://creativecommons.org/licenses/by-nc-sa/3.0/,42,species_stratified_round_robin
AZ,132890,Broad-tailed Hummingbird,Selasphorus platycercus,A,2013-04-19,16:56,31.906,-109.1543,0:18,https://xeno-canto.org/132890/download,https://xeno-canto.org/132890,https://creativecommons.org/licenses/by-nc-sa/3.0/,42,species_stratified_round_robin
AZ,377681,Buff-collared Nightjar,Antrostomus ridgwayi,A,2017-06-27,20:30,33.2615,-110.9707,0:17,https://xeno-canto.org/377681/download,https://xeno-canto.org/377681,https://creativecommons.org/licenses/by-nc-sa/4.0/,42,species_stratified_round_robin
AZ,132942,Calliope Hummingbird,Selasphorus calliope,B,2010-09-16,08:06,31.932,-109.191,0:06,https://xeno-canto.org/132942/download,https://xeno-canto.org/132942,https://creativecommons.org/licenses/by-nc-sa/3.0/,42,species_stratified_round_robin
AZ,611978,Cinnamon Teal,Spatula cyanoptera,B,2020-03-22,17:12,31.5633,-109.716,0:18,https://xeno-canto.org/611978/download,https://xeno-canto.org/611978,https://creativecommons.org/licenses/by-nc-sa/4.0/,42,species_stratified_round_robin
AZ,608776,Common Nighthawk,Chordeiles minor,B,2020-05-26,04:45,33.4426,-109.4875,0:56,https://xeno-canto.org/608776/download,https://xeno-canto.org/608776,https://creativecommons.org/licenses/by-nc-sa/4.0/,42,species_stratified_round_robin
AZ,632234,Common Poorwill,Phalaenoptilus nuttallii,A,2020-08-31,19:09,31.591,-109.508,1:18,https://xeno-canto.org/632234/download,https://xeno-canto.org/632234,https://creativecommons.org/licenses/by-nc-sa/4.0/,42,species_stratified_round_robin
AZ,196879,Costa's Hummingbird,Calypte costae,B,2014-08-25,06:00,32.1999,-110.7666,0:09,https://xeno-canto.org/196879/download,https://xeno-canto.org/196879,https://creativecommons.org/licenses/by-nc-sa/4.0/,42,species_stratified_round_robin
AZ,623628,Gadwall,Mareca strepera,B,2020-12-09,13:28,31.34,-109.273,0:22,https://xeno-canto.org/623628/download,https://xeno-canto.org/623628,https://creativecommons.org/licenses/by-nc-sa/4.0/,42,species_stratified_round_robin
AZ,636283,Gambel's Quail,Callipepla gambelii,A,2019-09-18,07:34,31.84,-109.025,0:21,https://xeno-canto.org/636283/download,https://xeno-canto.org/636283,https://creativecommons.org/licenses/by-nc-sa/4.0/,42,species_stratified_round_robin
AZ,611001,Greater Roadrunner,Geococcyx californianus,B,2020-05-21,05:13,31.591,-109.508,10:46,https://xeno-canto.org/611001/download,https://xeno-canto.org/611001,https://creativecommons.org/licenses/by-nc-sa/4.0/,42,species_stratified_round_robin
AZ,453887,Greater White-fronted Goose,Anser albifrons,B,2017-12-23,15:04,32.233,-109.8269,0:07,https://xeno-canto.org/453887/download,https://xeno-canto.org/453887,https://creativecommons.org/licenses/by-nc-sa/4.0/,42,species_stratified_round_robin
AZ,452502,Green-winged Teal,Anas carolinensis,B,2018-01-15,10:14,34.6038,-112.4335,0:36,https://xeno-canto.org/452502/download,https://xeno-canto.org/452502,https://creativecommons.org/licenses/by-nc-sa/4.0/,42,species_stratified_round_robin
AZ,1035206,Lesser Nighthawk,Chordeiles acutipennis,A,2023-06-16,04:46,32.2266,-111.1472,2:38,https://xeno-canto.org/1035206/download,https://xeno-canto.org/1035206,https://creativecommons.org/licenses/by-nc-sa/4.0/,42,species_stratified_round_robin
AZ,132968,Lucifer Sheartail,Calothorax lucifer,B,2013-04-18,17:09,31.906,-109.1543,0:05,https://xeno-canto.org/132968/download,https://xeno-canto.org/132968,https://creativecommons.org/licenses/by-nc-sa/3.0/,42,species_stratified_round_robin
AZ,1101338,Mallard,Anas platyrhynchos,B,2026-04-19,08:05,33.454,-111.945,0:06,https://xeno-canto.org/1101338/download,https://xeno-canto.org/1101338,https://creativecommons.org/licenses/by-nc-sa/4.0/,42,species_stratified_round_robin
AZ,621691,Mexican Duck,Anas diazi,B,2019-05-29,08:44,32.084,-109.051,1:07,https://xeno-canto.org/621691/download,https://xeno-canto.org/621691,https://creativecommons.org/licenses/by-nc-sa/4.0/,42,species_stratified_round_robin
AZ,34329,Mexican Whip-poor-will,Antrostomus arizonae,A,2009-05-20,05:10,31.9328,-109.2634,0:49,https://xeno-canto.org/34329/download,https://xeno-canto.org/34329,https://creativecommons.org/licenses/by-nc-nd/2.5/,42,species_stratified_round_robin
AZ,254988,Montezuma Quail,Cyrtonyx montezumae,A,2013-04-21,07:05,31.933,-109.264,3:00,https://xeno-canto.org/254988/download,https://xeno-canto.org/254988,https://creativecommons.org/licenses/by-nc-sa/4.0/,42,species_stratified_round_robin
AZ,218539,Northern Shoveler,Spatula clypeata,B,2007-02-18,15:45,32.2306,-109.8239,1:02,https://xeno-canto.org/218539/download,https://xeno-canto.org/218539,https://creativecommons.org/licenses/by-nc-nd/4.0/,42,species_stratified_round_robin
AZ,193255,Plain-capped Starthroat,Heliomaster constantii,A,2014-08-25,09:00,31.7244,-110.8805,0:11,https://xeno-canto.org/193255/download,https://xeno-canto.org/193255,https://creativecommons.org/licenses/by-nc-sa/4.0/,42,species_stratified_round_robin
AZ,941132,Ring-necked Duck,Aythya collaris,B,2023-11-14,07:15,31.34,-109.273,0:09,https://xeno-canto.org/941132/download,https://xeno-canto.org/941132,https://creativecommons.org/licenses/by-nc-sa/4.0/,42,species_stratified_round_robin
AZ,133346,Rivoli's Hummingbird,Eugenes fulgens,A,2011-06-04,07:13,31.906,-109.1543,0:36,https://xeno-canto.org/133346/download,https://xeno-canto.org/133346,https://creativecommons.org/licenses/by-nc-sa/3.0/,42,species_stratified_round_robin
AZ,227104,Ruddy Duck,Oxyura jamaicensis,B,2007-02-18,15:30,32.2306,-109.8239,0:16,https://xeno-canto.org/227104/download,https://xeno-canto.org/227104,https://creativecommons.org/licenses/by-nc-nd/4.0/,42,species_stratified_round_robin
TX,1106496,Acadian Flycatcher,Empidonax virescens,A,2026-04-29,10:19,29.8155,-99.5763,1:58,https://xeno-canto.org/1106496/download,https://xeno-canto.org/1106496,https://creativecommons.org/licenses/by-nc-sa/4.0/,42,species_stratified_round_robin
TX,109171,Acorn Woodpecker,Melanerpes formicivorus,A,2011-06-22,12:31,29.2512,-103.3098,0:17,https://xeno-canto.org/109171/download,https://xeno-canto.org/109171,https://creativecommons.org/licenses/by-nc-nd/2.5/,42,species_stratified_round_robin
TX,452798,American Avocet,Recurvirostra americana,B,2017-12-17,10:08,26.1253,-97.9532,0:42,https://xeno-canto.org/452798/download,https://xeno-canto.org/452798,https://creativecommons.org/licenses/by-nc-sa/4.0/,42,species_stratified_round_robin
TX,154983,American Barn Owl,Tyto furcata,A,2013-11-15,00:30,26.5553,-98.068,0:24,https://xeno-canto.org/154983/download,https://xeno-canto.org/154983,https://creativecommons.org/licenses/by-nc-sa/3.0/,42,species_stratified_round_robin
TX,147270,American Coot,Fulica americana,B,2012-04-05,13:40,30.152,-103.2877,0:09,https://xeno-canto.org/147270/download,https://xeno-canto.org/147270,https://creativecommons.org/licenses/by-nc-sa/3.0/,42,species_stratified_round_robin
TX,92969,American Dusky Flycatcher,Empidonax oberholseri,B,2008-04-30,11:40,30.657,-104.151,0:14,https://xeno-canto.org/92969/download,https://xeno-canto.org/92969,https://creativecommons.org/licenses/by-nc-nd/2.5/,42,species_stratified_round_robin
TX,228428,American Golden Plover,Pluvialis dominica,B,1998-04-10,10:00,35.3904,-94.4822,0:04,https://xeno-canto.org/228428/download,https://xeno-canto.org/228428,https://creativecommons.org/licenses/by-nc-nd/4.0/,42,species_stratified_round_robin
TX,92968,American Grey Flycatcher,Empidonax wrightii,B,2008-04-30,11:30,30.657,-104.151,2:52,https://xeno-canto.org/92968/download,https://xeno-canto.org/92968,https://creativecommons.org/licenses/by-nc-nd/2.5/,42,species_stratified_round_robin
TX,452826,American Herring Gull,Larus smithsonianus,B,2017-12-11,15:08,29.3334,-94.742,0:08,https://xeno-canto.org/452826/download,https://xeno-canto.org/452826,https://creativecommons.org/licenses/by-nc-sa/4.0/,42,species_stratified_round_robin
TX,297550,American Kestrel,Falco sparverius,B,2015-03-26,12:30,29.3728,-103.4782,0:17,https://xeno-canto.org/297550/download,https://xeno-canto.org/297550,https://creativecommons.org/licenses/by-nc-sa/4.0/,42,species_stratified_round_robin
TX,317023,American White Ibis,Eudocimus albus,B,2016-05-15,07:00,29.7278,-93.8523,0:16,https://xeno-canto.org/317023/download,https://xeno-canto.org/317023,https://creativecommons.org/licenses/by-nc-sa/4.0/,42,species_stratified_round_robin
TX,216516,American Woodcock,Scolopax minor,B,2014-02-02,06:48,32.7203,-93.5284,0:04,https://xeno-canto.org/216516/download,https://xeno-canto.org/216516,https://creativecommons.org/licenses/by-nc-sa/4.0/,42,species_stratified_round_robin
TX,132678,Ash-throated Flycatcher,Myiarchus cinerascens,B,1997-04-13,07:00,29.375,-99.9828,1:41,https://xeno-canto.org/132678/download,https://xeno-canto.org/132678,https://creativecommons.org/licenses/by-nc-sa/3.0/,42,species_stratified_round_robin
TX,750809,Barred Owl,Strix varia,B,2022-09-25,08:00,33.6269,-98.3183,0:55,https://xeno-canto.org/750809/download,https://xeno-canto.org/750809,https://creativecommons.org/licenses/by-nc-sa/4.0/,42,species_stratified_round_robin
TX,288791,Belted Kingfisher,Megaceryle alcyon,B,2015-11-02,07:30,31.128,-99.3849,0:00,https://xeno-canto.org/288791/download,https://xeno-canto.org/288791,https://creativecommons.org/licenses/by-nc-sa/4.0/,42,species_stratified_round_robin
TX,543757,Black Phoebe,Sayornis nigricans,B,2020-04-04,12:00,35.2517,-106.5932,0:54,https://xeno-canto.org/543757/download,https://xeno-canto.org/543757,https://creativecommons.org/licenses/by-nc-sa/4.0/,42,species_stratified_round_robin
TX,565888,Black Rail,Laterallus jamaicensis,A,2020-06-06,15:00,29.0548,-95.2277,0:56,https://xeno-canto.org/565888/download,https://xeno-canto.org/565888,https://creativecommons.org/licenses/by-nc-sa/4.0/,42,species_stratified_round_robin
TX,229133,Black Skimmer,Rynchops niger,A,1999-04-08,07:00,29.2778,-94.8127,0:13,https://xeno-canto.org/229133/download,https://xeno-canto.org/229133,https://creativecommons.org/licenses/by-nc-nd/4.0/,42,species_stratified_round_robin
TX,705782,Black-bellied Whistling Duck,Dendrocygna autumnalis,A,2022-02-23,14:31,26.1271,-97.9581,0:29,https://xeno-canto.org/705782/download,https://xeno-canto.org/705782,https://creativecommons.org/licenses/by-nc-sa/4.0/,42,species_stratified_round_robin
TX,297543,Black-chinned Hummingbird,Archilochus alexandri,B,2015-03-26,12:00,29.3728,-103.4782,0:17,https://xeno-canto.org/297543/download,https://xeno-canto.org/297543,https://creativecommons.org/licenses/by-nc-sa/4.0/,42,species_stratified_round_robin
TX,452831,Black-crowned Night Heron,Nycticorax nycticorax,B,2017-12-13,14:06,26.1375,-97.1743,0:12,https://xeno-canto.org/452831/download,https://xeno-canto.org/452831,https://creativecommons.org/licenses/by-nc-sa/4.0/,42,species_stratified_round_robin
TX,862339,Black-necked Stilt,Himantopus mexicanus,B,2024-01-02,17:05,25.8199,-100.1585,0:01,https://xeno-canto.org/862339/download,https://xeno-canto.org/862339,https://creativecommons.org/licenses/by-nc-sa/4.0/,42,species_stratified_round_robin
TX,218546,Blue-winged Teal,Spatula discors,B,1999-04-01,07:00,35.442,-94.9943,0:19,https://xeno-canto.org/218546/download,https://xeno-canto.org/218546,https://creativecommons.org/licenses/by-nc-nd/4.0/,42,species_stratified_round_robin
TX,495180,Broad-tailed Hummingbird,Selasphorus platycercus,B,2019-08-22,08:36,35.7426,-105.6763,1:13,https://xeno-canto.org/495180/download,https://xeno-canto.org/495180,https://creativecommons.org/licenses/by-nc-sa/4.0/,42,species_stratified_round_robin
TX,57994,Broad-winged Hawk,Buteo platypterus,B,2010-07-15,14:00,32.981,-94.76,2:08,https://xeno-canto.org/57994/download,https://xeno-canto.org/57994,https://creativecommons.org/licenses/by-nc-nd/2.5/,42,species_stratified_round_robin
TX,247711,Brown-crested Flycatcher,Myiarchus tyrannulus,B,2015-06-02,07:30,30.1468,-97.6244,0:44,https://xeno-canto.org/247711/download,https://xeno-canto.org/247711,https://creativecommons.org/licenses/by-nc-sa/4.0/,42,species_stratified_round_robin
TX,130831,Buff-bellied Hummingbird,Amazilia yucatanensis,A,2013-04-18,07:00,25.8501,-97.4169,0:16,https://xeno-canto.org/130831/download,https://xeno-canto.org/130831,https://creativecommons.org/licenses/by-nc-sa/3.0/,42,species_stratified_round_robin
TX,92956,Buff-breasted Flycatcher,Empidonax fulvifrons,B,2008-04-30,09:35,30.657,-104.151,0:54,https://xeno-canto.org/92956/download,https://xeno-canto.org/92956,https://creativecommons.org/licenses/by-nc-nd/2.5/,42,species_stratified_round_robin
TX,731959,Burrowing Owl,Athene cunicularia,B,2022-06-11,07:00,33.9803,-98.9102,0:30,https://xeno-canto.org/731959/download,https://xeno-canto.org/731959,https://creativecommons.org/licenses/by-nc-sa/4.0/,42,species_stratified_round_robin
TX,179040,Cabot's Tern,Thalasseus acuflavidus,B,2014-04-22,09:00,29.7589,-93.5804,1:18,https://xeno-canto.org/179040/download,https://xeno-canto.org/179040,https://creativecommons.org/licenses/by-nc-sa/4.0/,42,species_stratified_round_robin
TX,452954,Caspian Tern,Hydroprogne caspia,B,2017-12-14,16:15,26.1375,-97.1743,0:12,https://xeno-canto.org/452954/download,https://xeno-canto.org/452954,https://creativecommons.org/licenses/by-nc-sa/4.0/,42,species_stratified_round_robin
TX,34088,Cassin's Kingbird,Tyrannus vociferans,A,2009-05-10,10:30,31.912536,-104.878922,0:29,https://xeno-canto.org/34088/download,https://xeno-canto.org/34088,https://creativecommons.org/licenses/by-nc-nd/2.5/,42,species_stratified_round_robin
TX,392829,Chilean Elaenia,Elaenia chilensis,B,2008-02-10,15:30,26.0988,-97.1678,0:45,https://xeno-canto.org/392829/download,https://xeno-canto.org/392829,https://creativecommons.org/licenses/by-nc-sa/4.0/,42,species_stratified_round_robin
TX,278460,Chimney Swift,Chaetura pelagica,B,2015-05-15,07:33,27.3178,-97.6797,0:06,https://xeno-canto.org/278460/download,https://xeno-canto.org/278460,https://creativecommons.org/licenses/by-nc-sa/4.0/,42,species_stratified_round_robin
TX,34952,Chuck-will's-widow,Antrostomus carolinensis,A,2009-05-29,21:30,29.7417,-100.3948,0:58,https://xeno-canto.org/34952/download,https://xeno-canto.org/34952,https://creativecommons.org/licenses/by-nc-nd/2.5/,42,species_stratified_round_robin
TX,233760,Chukar Partridge,Alectoris chukar,A,2015-03-31,19:00,35.8839,-106.3035,0:13,https://xeno-canto.org/233760/download,https://xeno-canto.org/233760,https://creativecommons.org/licenses/by-nc-sa/4.0/,42,species_stratified_round_robin
TX,77519,Clapper Rail,Rallus crepitans,B,2011-05-05,18:30,29.767,-93.88,0:34,https://xeno-canto.org/77519/download,https://xeno-canto.org/77519,https://creativecommons.org/licenses/by-nc-nd/2.5/,42,species_stratified_round_robin
TX,123297,Clark's Grebe,Aechmophorus clarkii,B,2011-08-02,12:15,30.9708,-103.7245,0:08,https://xeno-canto.org/123297/download,https://xeno-canto.org/123297,https://creativecommons.org/licenses/by-nc-sa/3.0/,42,species_stratified_round_robin
TX,147312,Common Black Hawk,Buteogallus anthracinus,B,2012-04-04,10:48,30.6057,-103.8965,0:07,https://xeno-canto.org/147312/download,https://xeno-canto.org/147312,https://creativecommons.org/licenses/by-nc-sa/3.0/,42,species_stratified_round_robin
TX,452962,Common Gallinule,Gallinula galeata,A,2017-12-13,13:20,26.1375,-97.1743,0:27,https://xeno-canto.org/452962/download,https://xeno-canto.org/452962,https://creativecommons.org/licenses/by-nc-sa/4.0/,42,species_stratified_round_robin
TX,141468,Common Ground Dove,Columbina passerina,B,2013-06-28,14:00,30.0801,-99.5027,0:15,https://xeno-canto.org/141468/download,https://xeno-canto.org/141468,https://creativecommons.org/licenses/by-nc-sa/3.0/,42,species_stratified_round_robin
TX,416763,Common Nighthawk,Chordeiles minor,A,2018-05-23,12:45:37,29.5698,-94.5341,1:05,https://xeno-canto.org/416763/download,https://xeno-canto.org/416763,https://creativecommons.org/licenses/by-nc-sa/4.0/,42,species_stratified_round_robin
TX,845953,Common Ostrich,Struthio camelus,B,2020-07-01,15:30,31.7063,-97.5129,0:00,https://xeno-canto.org/845953/download,https://xeno-canto.org/845953,https://creativecommons.org/licenses/by-nc-sa/4.0/,42,species_stratified_round_robin
TX,656787,Common Poorwill,Phalaenoptilus nuttallii,A,2021-06-10,05:30,25.8642,-100.161,0:02,https://xeno-canto.org/656787/download,https://xeno-canto.org/656787,https://creativecommons.org/licenses/by-nc-sa/4.0/,42,species_stratified_round_robin
TX,123582,Cooper's Hawk,Accipiter cooperii,B,2013-03-02,09:45,30.3408,-97.8942,0:20,https://xeno-canto.org/123582/download,https://xeno-canto.org/123582,https://creativecommons.org/licenses/by-nc-sa/3.0/,42,species_stratified_round_robin
TX,860393,Cordilleran Flycatcher,Empidonax occidentalis,A,2023-05-11,10:46,29.2522,-103.3003,0:13,https://xeno-canto.org/860393/download,https://xeno-canto.org/860393,https://creativecommons.org/licenses/by-nc-sa/4.0/,42,species_stratified_round_robin
TX,318524,Couch's Kingbird,Tyrannus couchii,A,2015-05-13,06:56,26.1762,-98.3862,1:55,https://xeno-canto.org/318524/download,https://xeno-canto.org/318524,https://creativecommons.org/licenses/by-nc-sa/4.0/,42,species_stratified_round_robin
TX,56210,Downy Woodpecker,Dryobates pubescens,B,2010-06-17,17:20 CDT,29.649,-95.014,0:37,https://xeno-canto.org/56210/download,https://xeno-canto.org/56210,https://creativecommons.org/licenses/by-nc-nd/2.5/,42,species_stratified_round_robin
TX,705767,Dunlin,Calidris alpina,B,2022-02-24,9:07,25.992,-97.1822,0:24,https://xeno-canto.org/705767/download,https://xeno-canto.org/705767,https://creativecommons.org/licenses/by-nc-sa/4.0/,42,species_stratified_round_robin
TX,200277,Dusky-capped Flycatcher,Myiarchus tuberculifer,B,2014-10-28,11:36,30.3245,-98.2553,0:35,https://xeno-canto.org/200277/download,https://xeno-canto.org/200277,https://creativecommons.org/licenses/by-nc-sa/4.0/,42,species_stratified_round_robin
TX,231963,Eastern Kingbird,Tyrannus tyrannus,B,1999-04-08,07:00,29.7757,-94.6762,0:12,https://xeno-canto.org/231963/download,https://xeno-canto.org/231963,https://creativecommons.org/licenses/by-nc-nd/4.0/,42,species_stratified_round_robin
TX,452611,Eastern Phoebe,Sayornis phoebe,B,2018-02-18,08:45,29.6689,-96.2668,1:00,https://xeno-canto.org/452611/download,https://xeno-canto.org/452611,https://creativecommons.org/licenses/by-nc-sa/4.0/,42,species_stratified_round_robin
TX,820865,Eastern Screech Owl,Megascops asio,A,2023-08-05,21:00,34.708,-98.7065,2:47,https://xeno-canto.org/820865/download,https://xeno-canto.org/820865,https://creativecommons.org/licenses/by-nc-sa/4.0/,42,species_stratified_round_robin
TX,994154,Eastern Whip-poor-will,Antrostomus vociferus,B,2025-05-02,20:51,36.4775,-94.1965,0:27,https://xeno-canto.org/994154/download,https://xeno-canto.org/994154,https://creativecommons.org/licenses/by-nc-sa/4.0/,42,species_stratified_round_robin
TX,428179,Eastern Wood Pewee,Contopus virens,B,2018-07-20,16:16,31.4784,-94.5994,0:37,https://xeno-canto.org/428179/download,https://xeno-canto.org/428179,https://creativecommons.org/licenses/by-nc-sa/4.0/,42,species_stratified_round_robin
TX,917376,Elf Owl,Micrathene whitneyi,B,2024-06-26,21:28,25.893,-100.0854,0:31,https://xeno-canto.org/917376/download,https://xeno-canto.org/917376,https://creativecommons.org/licenses/by-nc-sa/4.0/,42,species_stratified_round_robin
TX,154976,Ferruginous Pygmy Owl,Glaucidium brasilianum,B,2013-11-14,23:30,26.5553,-98.068,0:27,https://xeno-canto.org/154976/download,https://xeno-canto.org/154976,https://creativecommons.org/licenses/by-nc-sa/3.0/,42,species_stratified_round_robin
TX,230023,Forster's Tern,Sterna forsteri,B,1999-04-08,07:00,29.7757,-94.6762,0:08,https://xeno-canto.org/230023/download,https://xeno-canto.org/230023,https://creativecommons.org/licenses/by-nc-nd/4.0/,42,species_stratified_round_robin
TX,222338,Fulvous Whistling Duck,Dendrocygna bicolor,B,1999-04-08,07:00,29.7757,-94.6762,0:06,https://xeno-canto.org/222338/download,https://xeno-canto.org/222338,https://creativecommons.org/licenses/by-nc-nd/4.0/,42,species_stratified_round_robin
TX,452706,Gadwall,Mareca strepera,B,2017-12-17,15:35,26.0737,-98.1442,0:14,https://xeno-canto.org/452706/download,https://xeno-canto.org/452706,https://creativecommons.org/licenses/by-nc-sa/4.0/,42,species_stratified_round_robin
TX,305373,Golden-fronted Woodpecker,Melanerpes aurifrons,B,2015-05-14,11:37,26.1253,-97.9532,0:11,https://xeno-canto.org/305373/download,https://xeno-canto.org/305373,https://creativecommons.org/licenses/by-nc-sa/4.0/,42,species_stratified_round_robin
TX,130846,Great Blue Heron,Ardea herodias,A,2013-04-17,10:10,26.3928,-97.3251,0:44,https://xeno-canto.org/130846/download,https://xeno-canto.org/130846,https://creativecommons.org/licenses/by-nc-sa/3.0/,42,species_stratified_round_robin
TX,614743,Great Crested Flycatcher,Myiarchus crinitus,B,2020-06-20,19:30,33.3773,-99.844,0:40,https://xeno-canto.org/614743/download,https://xeno-canto.org/614743,https://creativecommons.org/licenses/by-nc-sa/4.0/,42,species_stratified_round_robin
TX,452998,Great Egret,Ardea alba,B,2017-12-19,10:27,26.5878,-99.1487,0:16,https://xeno-canto.org/452998/download,https://xeno-canto.org/452998,https://creativecommons.org/licenses/by-nc-sa/4.0/,42,species_stratified_round_robin
TX,448002,Great Horned Owl,Bubo virginianus,B,2018-12-29,19:13,35.0701,-106.6146,2:37,https://xeno-canto.org/448002/download,https://xeno-canto.org/448002,https://creativecommons.org/licenses/by-nc-sa/4.0/,42,species_stratified_round_robin
TX,900944,Great Kiskadee,Pitangus sulphuratus,A,2024-04-23,06:23,25.9298,-97.4131,0:06,https://xeno-canto.org/900944/download,https://xeno-canto.org/900944,https://creativecommons.org/licenses/by-nc-sa/4.0/,42,species_stratified_round_robin
TX,534824,Greater Roadrunner,Geococcyx californianus,B,2020-03-14,11:00,30.2731,-97.8257,0:57,https://xeno-canto.org/534824/download,https://xeno-canto.org/534824,https://creativecommons.org/licenses/by-nc-sa/4.0/,42,species_stratified_round_robin
TX,453004,Greater Yellowlegs,Tringa melanoleuca,A,2017-12-19,10:38,26.5878,-99.1487,0:08,https://xeno-canto.org/453004/download,https://xeno-canto.org/453004,https://creativecommons.org/licenses/by-nc-sa/4.0/,42,species_stratified_round_robin
TX,219976,Green Heron,Butorides virescens,B,1998-04-10,07:00,35.442,-94.9943,0:06,https://xeno-canto.org/219976/download,https://xeno-canto.org/219976,https://creativecommons.org/licenses/by-nc-nd/4.0/,42,species_stratified_round_robin
TX,70990,Green Kingfisher,Chloroceryle americana,B,2010-04-00,?,29.8242,-99.5845,0:11,https://xeno-canto.org/70990/download,https://xeno-canto.org/70990,https://creativecommons.org/licenses/by-nc-nd/2.5/,42,species_stratified_round_robin
TX,277744,Green Parakeet,Psittacara holochlorus,B,2015-05-14,08:56,26.1475,-97.9889,3:36,https://xeno-canto.org/277744/download,https://xeno-canto.org/277744,https://creativecommons.org/licenses/by-nc-sa/4.0/,42,species_stratified_round_robin
TX,218542,Green-winged Teal,Anas carolinensis,B,1998-02-20,07:00,35.442,-94.9943,0:14,https://xeno-canto.org/218542/download,https://xeno-canto.org/218542,https://creativecommons.org/licenses/by-nc-nd/4.0/,42,species_stratified_round_robin
TX,576684,Grey Hawk,Buteo plagiatus,A,2018-11-17,12:20,26.183835,-98.378778,0:20,https://xeno-canto.org/576684/download,https://xeno-canto.org/576684,https://creativecommons.org/licenses/by-nc-sa/4.0/,42,species_stratified_round_robin
TX,299108,Groove-billed Ani,Crotophaga sulcirostris,B,2015-05-10,12:32,27.0446,-99.4449,1:26,https://xeno-canto.org/299108/download,https://xeno-canto.org/299108,https://creativecommons.org/licenses/by-nc-sa/4.0/,42,species_stratified_round_robin
TX,701065,Hairy Woodpecker,Leuconotopicus villosus,A,2020-06-18,07:12,32.7234,-105.7136,0:03,https://xeno-canto.org/701065/download,https://xeno-canto.org/701065,https://creativecommons.org/licenses/by-nc-sa/4.0/,42,species_stratified_round_robin
TX,222769,Hammond's Flycatcher,Empidonax hammondii,B,1998-06-04,07:00,35.8601,-106.3046,0:07,https://xeno-canto.org/222769/download,https://xeno-canto.org/222769,https://creativecommons.org/licenses/by-nc-nd/4.0/,42,species_stratified_round_robin
TX,1382,Harris's Hawk,Parabuteo unicinctus,A,2001-12-25,?,28.5028,-98.3056,0:10,https://xeno-canto.org/1382/download,https://xeno-canto.org/1382,https://creativecommons.org/licenses/by-nc-nd/2.5/,42,species_stratified_round_robin
TX,77507,Hudsonian Whimbrel,Numenius hudsonicus,B,2011-05-05,20:00,29.767,-93.88,0:10,https://xeno-canto.org/77507/download,https://xeno-canto.org/77507,https://creativecommons.org/licenses/by-nc-nd/2.5/,42,species_stratified_round_robin
TX,404749,Inca Dove,Columbina inca,B,2015-05-09,07:30,29.4758,-100.2272,0:11,https://xeno-canto.org/404749/download,https://xeno-canto.org/404749,https://creativecommons.org/licenses/by-nc-sa/4.0/,42,species_stratified_round_robin
TX,210719,Killdeer,Charadrius vociferus,B,1990-02-12,09:30,30.652,-96.1671,0:26,https://xeno-canto.org/210719/download,https://xeno-canto.org/210719,https://creativecommons.org/licenses/by-nc-sa/4.0/,42,species_stratified_round_robin
TX,24756,King Rail,Rallus elegans,A,2008-03-24,18:30,29.592565,-94.478302,0:37,https://xeno-canto.org/24756/download,https://xeno-canto.org/24756,https://creativecommons.org/licenses/by-nc-nd/2.5/,42,species_stratified_round_robin
TX,452764,Ladder-backed Woodpecker,Dryobates scalaris,B,2017-12-14,10:17,26.1253,-97.9532,0:34,https://xeno-canto.org/452764/download,https://xeno-canto.org/452764,https://creativecommons.org/licenses/by-nc-sa/4.0/,42,species_stratified_round_robin
TX,224822,Laughing Gull,Leucophaeus atricilla,A,1999-04-08,07:00,29.2778,-94.8127,0:07,https://xeno-canto.org/224822/download,https://xeno-canto.org/224822,https://creativecommons.org/licenses/by-nc-nd/4.0/,42,species_stratified_round_robin
TX,216259,Least Flycatcher,Empidonax minimus,B,2013-09-01,10:08,32.4405,-93.6693,0:17,https://xeno-canto.org/216259/download,https://xeno-canto.org/216259,https://creativecommons.org/licenses/by-nc-sa/4.0/,42,species_stratified_round_robin
TX,312735,Least Grebe,Tachybaptus dominicus,B,2016-04-02,19:00,28.2563,-96.7946,0:08,https://xeno-canto.org/312735/download,https://xeno-canto.org/312735,https://creativecommons.org/licenses/by-nc-sa/4.0/,42,species_stratified_round_robin
TX,453003,Least Sandpiper,Calidris minutilla,A,2017-12-19,10:22,26.5878,-99.1487,0:14,https://xeno-canto.org/453003/download,https://xeno-canto.org/453003,https://creativecommons.org/licenses/by-nc-sa/4.0/,42,species_stratified_round_robin
TX,230019,Least Tern,Sternula antillarum,B,1999-04-08,07:00,29.378,-94.7361,0:04,https://xeno-canto.org/230019/download,https://xeno-canto.org/230019,https://creativecommons.org/licenses/by-nc-nd/4.0/,42,species_stratified_round_robin
TX,109164,Lesser Nighthawk,Chordeiles acutipennis,A,2011-06-20,22:00,29.31,-103.164,1:02,https://xeno-canto.org/109164/download,https://xeno-canto.org/109164,https://creativecommons.org/licenses/by-nc-nd/2.5/,42,species_stratified_round_robin
TX,363092,Lesser Prairie Chicken,Tympanuchus pallidicinctus,A,2017-04-03,06:15,33.4266,-103.8199,2:45,https://xeno-canto.org/363092/download,https://xeno-canto.org/363092,https://creativecommons.org/licenses/by-nc-sa/4.0/,42,species_stratified_round_robin
TX,231530,Lesser Yellowlegs,Tringa flavipes,B,1998-04-10,10:00,35.3904,-94.4822,0:02,https://xeno-canto.org/231530/download,https://xeno-canto.org/231530,https://creativecommons.org/licenses/by-nc-nd/4.0/,42,species_stratified_round_robin
TX,383873,Lilac-crowned Amazon,Amazona finschi,A,2012-05-13,08:30,28.1815,-105.4379,0:21,https://xeno-canto.org/383873/download,https://xeno-canto.org/383873,https://creativecommons.org/licenses/by-nc-sa/4.0/,42,species_stratified_round_robin
TX,233658,Loggerhead Shrike,Lanius ludovicianus,B,2015-03-27,09:06,29.5884,-95.6469,0:18,https://xeno-canto.org/233658/download,https://xeno-canto.org/233658,https://creativecommons.org/licenses/by-nc-sa/4.0/,42,species_stratified_round_robin
TX,453026,Long-billed Curlew,Numenius americanus,B,2017-12-13,07:38,26.0241,-97.4098,0:41,https://xeno-canto.org/453026/download,https://xeno-canto.org/453026,https://creativecommons.org/licenses/by-nc-sa/4.0/,42,species_stratified_round_robin
TX,452766,Long-billed Dowitcher,Limnodromus scolopaceus,A,2017-12-17,06:42,26.1253,-97.9532,0:23,https://xeno-canto.org/452766/download,https://xeno-canto.org/452766,https://creativecommons.org/licenses/by-nc-sa/4.0/,42,species_stratified_round_robin
TX,140797,Long-eared Owl,Asio otus,B,2013-06-27,21:30,35.8934,-105.9825,1:06,https://xeno-canto.org/140797/download,https://xeno-canto.org/140797,https://creativecommons.org/licenses/by-nc-sa/3.0/,42,species_stratified_round_robin
TX,297547,Lucifer Sheartail,Calothorax lucifer,B,2015-03-26,12:30,29.3728,-103.4782,0:21,https://xeno-canto.org/297547/download,https://xeno-canto.org/297547,https://creativecommons.org/licenses/by-nc-sa/4.0/,42,species_stratified_round_robin
TX,218557,Mallard,Anas platyrhynchos,B,1998-03-20,07:00,35.442,-94.9943,0:03,https://xeno-canto.org/218557/download,https://xeno-canto.org/218557,https://creativecommons.org/licenses/by-nc-nd/4.0/,42,species_stratified_round_robin
TX,243333,Mexican Whip-poor-will,Antrostomus arizonae,B,2015-05-15,05:10,35.171,-106.3759,0:43,https://xeno-canto.org/243333/download,https://xeno-canto.org/243333,https://creativecommons.org/licenses/by-nc-sa/4.0/,42,species_stratified_round_robin
TX,263112,Mississippi Kite,Ictinia mississippiensis,B,2015-06-17,09:00,31.4082,-106.5894,0:15,https://xeno-canto.org/263112/download,https://xeno-canto.org/263112,https://creativecommons.org/licenses/by-nc-sa/4.0/,42,species_stratified_round_robin
TX,705765,Monk Parakeet,Myiopsitta monachus,A,2022-02-24,17:10,27.8626,-97.6124,0:17,https://xeno-canto.org/705765/download,https://xeno-canto.org/705765,https://creativecommons.org/licenses/by-nc-sa/4.0/,42,species_stratified_round_robin
