recording_id,state,common_name,scientific_name,audit_action,audit_reason,flag_short_duration,flag_low_amplitude,flag_clipping,flag_low_quality,flag_any,file_size_bytes,duration_seconds,rms,peak_amplitude,quality
375492,CA,African Collared Dove,Streptopelia roseogrisea,KEEP,none,False,False,False,False,False,132062,5.251678004535147,0.010715460404753685,0.07178084552288055,A
952203,CA,Allen's Hummingbird,Selasphorus sasin,KEEP,none,False,False,False,False,False,3709246,38.6325625,0.011445415206253529,0.132171630859375,A
452094,CA,American Coot,Fulica americana,KEEP,none,False,False,False,False,False,308179,18.96,0.014745930209755898,0.7049420475959778,A
172887,CA,American Wigeon,Mareca americana,KEEP,none,False,False,False,False,False,187629,11.424,0.014005502685904503,0.24055571854114532,B
449497,CA,Anna's Hummingbird,Calypte anna,KEEP,none,False,False,False,False,False,1768222,110.208,0.024223921820521355,0.6600874066352844,A
807038,CA,Band-tailed Pigeon,Patagioenas fasciata,KEEP,none,False,False,False,False,False,415683,25.68,0.09629595279693604,0.9958348870277405,B
380363,CA,Black Rail,Laterallus jamaicensis,KEEP,none,False,False,False,False,False,287406,24.663219954648525,0.03695845976471901,0.5479575395584106,A
691650,CA,Black-chinned Hummingbird,Archilochus alexandri,FLAG,short_duration;low_amplitude,True,True,False,False,True,13292,0.696,0.0019428926752880216,0.015526712872087955,B
964245,CA,Blue-winged Teal,Spatula discors,KEEP,none,False,False,False,False,False,1488146,5.166729166666666,0.058778319507837296,0.8219958543777466,B
163349,CA,Brant Goose,Branta bernicla,KEEP,none,False,False,False,False,False,55879,3.192,0.03617166355252266,0.5963060855865479,B
619062,CA,Broad-billed Hummingbird,Cynanthus latirostris,KEEP,none,False,False,False,False,False,582082,47.748916666666666,0.011571447364985943,0.22238987684249878,A
585126,CA,Broad-tailed Hummingbird,Selasphorus platycercus,KEEP,none,False,False,False,False,False,145171,8.706462585034014,0.042811375111341476,0.6306203007698059,B
361916,CA,Bufflehead,Bucephala albeola,KEEP,none,False,False,False,False,False,485651,30.048,0.016827834770083427,0.3637848198413849,B
144038,CA,Cackling Goose,Branta hutchinsii,KEEP,none,False,False,False,False,False,2790005,69.552,0.08024848252534866,0.9012158513069153,A
503346,CA,California Quail,Callipepla californica,KEEP,none,False,False,False,False,False,918586,22.7766875,0.0245790034532547,0.5348604917526245,A
132946,CA,Calliope Hummingbird,Selasphorus calliope,FLAG,low_amplitude,False,True,False,False,True,73377,5.69469387755102,0.0033940544817596674,0.04519734904170036,B
1089596,CA,Canada Goose,Branta canadensis,FLAG,clipping,False,False,True,False,True,258233,21.748833333333334,0.09994041174650192,1.0006102323532104,B
914676,CA,Chukar Partridge,Alectoris chukar,KEEP,none,False,False,False,False,False,1199952,49.8,0.03990497812628746,0.6003618240356445,B
323984,CA,Cinnamon Teal,Spatula cyanoptera,KEEP,none,False,False,False,False,False,122801,7.368,0.04213831573724747,0.5604947805404663,B
140011,CA,Common Gallinule,Gallinula galeata,KEEP,none,False,False,False,False,False,1827041,45.55755102040816,0.010243861936032772,0.2605704665184021,B
286971,CA,Common Ground Dove,Columbina passerina,FLAG,low_amplitude,False,True,False,False,True,817920,50.808,0.004344330169260502,0.03611738234758377,B
660470,CA,Common Nighthawk,Chordeiles minor,KEEP,none,False,False,False,False,False,334229,13.728,0.027242617681622505,0.6083222031593323,A
720644,CA,Common Pheasant,Phasianus colchicus,KEEP,none,False,False,False,False,False,265159,8.136,0.02557729184627533,0.47793087363243103,B
461828,CA,Common Poorwill,Phalaenoptilus nuttallii,KEEP,none,False,False,False,False,False,1300634,65.152,0.04415873438119888,0.629991888999939,A
670289,CA,Costa's Hummingbird,Calypte costae,KEEP,none,False,False,False,False,False,445168,10.925011337868481,0.06798485666513443,0.6891624331474304,A
738058,CA,Dusky Grouse,Dendragapus obscurus,KEEP,none,False,False,False,False,False,347101,28.512,0.05508676916360855,0.6383103728294373,B
135438,CA,Eastern Whip-poor-will,Antrostomus vociferus,KEEP,none,False,False,False,False,False,1446117,60.048,0.09819959849119186,0.6548898816108704,A
212892,CA,Egyptian Goose,Alopochen aegyptiaca,FLAG,clipping,False,False,True,False,True,834547,25.913469387755104,0.14442847669124603,1.00395929813385,A
541633,CA,Eurasian Collared Dove,Streptopelia decaocto,KEEP,none,False,False,False,False,False,2176421,135.72,0.01054040715098381,0.07344375550746918,B
297470,CA,Gadwall,Mareca strepera,FLAG,low_amplitude,False,True,False,False,True,388791,23.939501133786848,0.008847055025398731,0.19125105440616608,B
357823,CA,Gambel's Quail,Callipepla gambelii,KEEP,none,False,False,False,False,False,1890211,47.072583333333334,0.01925892010331154,0.5490400195121765,B
163986,CA,Greater Roadrunner,Geococcyx californianus,FLAG,low_amplitude,False,True,False,False,True,101614,6.048,0.008927873335778713,0.05385611951351166,B
445707,CA,Greater White-fronted Goose,Anser albifrons,KEEP,none,False,False,False,False,False,181606,11.023673469387756,0.06285831332206726,0.7542666792869568,A
964290,CA,Green-winged Teal,Anas carolinensis,KEEP,none,False,False,False,False,False,20368127,141.4444375,0.03437778726220131,0.7943282127380371,B
562113,CA,Inca Dove,Columbina inca,KEEP,none,False,False,False,False,False,780725,32.328,0.02784828469157219,0.4448336958885193,B
490945,CA,Lesser Nighthawk,Chordeiles acutipennis,KEEP,none,False,False,False,False,False,277496,24.638208616780044,0.015325501561164856,0.22472986578941345,A
574653,CA,Lesser Scaup,Aythya affinis,KEEP,none,False,False,False,False,False,203905,12.434285714285714,0.022760987281799316,0.14625409245491028,B
527676,CA,Mallard,Anas platyrhynchos,KEEP,none,False,False,False,False,False,864069,21.396375,0.022267352789640427,0.4466698467731476,B
134480,CA,Mexican Whip-poor-will,Antrostomus arizonae,FLAG,low_amplitude,False,True,False,False,True,1145978,71.19238095238096,0.0025243123527616262,0.027934443205595016,B
282613,CA,Mountain Quail,Oreortyx pictus,KEEP,none,False,False,False,False,False,3315041,206.88,0.016800593584775925,0.1915263682603836,B
286968,CA,Mourning Dove,Zenaida macroura,FLAG,low_amplitude,False,True,False,False,True,1702604,106.104,0.008671335875988007,0.12419702112674713,B
574647,CA,Northern Bobwhite,Colinus virginianus,KEEP,none,False,False,False,False,False,1035572,25.704489795918366,0.05583697557449341,0.6544210910797119,B
621202,CA,Northern Pintail,Anas acuta,KEEP,none,False,False,False,False,False,735674,45.672,0.03859585151076317,0.7059439420700073,B
168805,CA,Northern Shoveler,Spatula clypeata,KEEP,none,False,False,False,False,False,507222,31.399183673469388,0.026566987857222557,0.4851993918418884,A
348974,CA,Redhead,Aythya americana,KEEP,none,False,False,False,False,False,125900,7.56,0.05027282238006592,0.47775620222091675,B
283095,CA,Ridgway's Rail,Rallus obsoletus,KEEP,none,False,False,False,False,False,271477,16.656,0.05091244354844093,0.6142035126686096,A
488173,CA,Rock Dove,Columba livia,KEEP,none,False,False,False,False,False,277829,17.064,0.04621250554919243,0.33977556228637695,B
458919,CA,Ross's Goose,Anser rossii,KEEP,none,False,False,False,False,False,502943,31.128,0.024575386196374893,0.7049509286880493,B
664841,CA,Ruddy Duck,Oxyura jamaicensis,KEEP,none,False,False,False,False,False,329729,20.304,0.02923840656876564,0.7030347585678101,A
486226,CA,Ruffed Grouse,Bonasa umbellus,KEEP,none,False,False,False,False,False,584172,48.288,0.03956751152873039,0.31031182408332825,B
669065,CA,Rufous Hummingbird,Selasphorus rufus,KEEP,none,False,False,False,False,False,469530,28.990748299319726,0.01893606409430504,0.591866135597229,B
453180,CA,Sandhill Crane,Antigone canadensis,KEEP,none,False,False,False,False,False,402300,24.84,0.021863140165805817,0.7061235904693604,B
384977,CA,Short-billed Gull,Larus brachyrhynchus,KEEP,none,False,False,False,False,False,394652,24.36,0.01742103323340416,0.3511122167110443,B
121403,CA,Snow Goose,Anser caerulescens,KEEP,none,False,False,False,False,False,564979,34.96391666666667,0.011299737729132175,0.10807584226131439,B
378274,CA,Sooty Grouse,Dendragapus fuliginosus,KEEP,none,False,False,False,False,False,1398476,58.056,0.06170184537768364,0.9418227672576904,B
228580,CA,Sora,Porzana carolina,KEEP,none,False,False,False,False,False,94756,7.2558125,0.0736769288778305,0.8900636434555054,A
362097,CA,Surf Scoter,Melanitta perspicillata,KEEP,none,False,False,False,False,False,90473,5.352,0.01793600618839264,0.16752947866916656,B
395208,CA,Tundra Swan,Cygnus columbianus,KEEP,none,False,False,False,False,False,365038,22.512,0.06620752066373825,0.698943018913269,B
256444,CA,Vaux's Swift,Chaetura vauxi,FLAG,low_amplitude,False,True,False,False,True,374996,23.032729166666666,0.002874883357435465,0.025711871683597565,B
120845,CA,Virginia Rail,Rallus limicola,KEEP,none,False,False,False,False,False,257657,15.729931972789116,0.0117960749194026,0.12791556119918823,B
552939,CA,White-throated Swift,Aeronautes saxatalis,KEEP,none,False,False,False,False,False,312421,19.224,0.03215037286281586,0.700463056564331,A
232953,CA,White-winged Dove,Zenaida asiatica,KEEP,none,False,False,False,False,False,1932582,120.48,0.014516590163111687,0.15311677753925323,A
377125,CA,Wild Turkey,Meleagris gallopavo,KEEP,none,False,False,False,False,False,7733345,193.13654166666666,0.021693546324968338,0.555170476436615,A
450846,CA,Wood Duck,Aix sponsa,KEEP,none,False,False,False,False,False,627196,38.89632653061224,0.07015270739793777,0.6315670013427734,A
572270,CA,Yellow Rail,Coturnicops noveboracensis,KEEP,none,False,False,False,False,False,663068,41.06727891156463,0.013586659915745258,0.9919147491455078,B
265124,CA,Yellow-billed Cuckoo,Coccyzus americanus,FLAG,low_amplitude,False,True,False,False,True,3735139,233.04933333333332,0.005296565126627684,0.037197746336460114,B
375491,CA,African Collared Dove,Streptopelia roseogrisea,KEEP,none,False,False,False,False,False,243627,9.901473922902495,0.010621706023812294,0.055583227425813675,A
691005,CA,Allen's Hummingbird,Selasphorus sasin,KEEP,none,False,False,False,False,False,511389,31.656,0.0308984462171793,0.69767165184021,A
363448,CA,American Coot,Fulica americana,KEEP,none,False,False,False,False,False,2738823,68.290125,0.011589497327804565,0.562472403049469,B
17795,CA,American Wigeon,Mareca americana,KEEP,none,False,False,False,False,False,239432,19.48063492063492,0.026940099895000458,0.45025181770324707,A
695151,CA,Anna's Hummingbird,Calypte anna,KEEP,none,False,False,False,False,False,539370,33.408,0.016607120633125305,0.7007120251655579,B
585340,CA,Band-tailed Pigeon,Patagioenas fasciata,KEEP,none,False,False,False,False,False,214520,13.104,0.032336000353097916,0.3106769323348999,B
167459,CA,Black Rail,Laterallus jamaicensis,KEEP,none,False,False,False,False,False,170584,10.3,0.05145227164030075,0.4522785544395447,B
547258,CA,Black-chinned Hummingbird,Archilochus alexandri,KEEP,none,False,False,False,False,False,218448,18.31925,0.01891302689909935,0.7068424224853516,B
964250,CA,Blue-winged Teal,Spatula discors,KEEP,none,False,False,False,False,False,3395243,23.5771875,0.07453314960002899,0.7943282127380371,B
163344,CA,Brant Goose,Branta bernicla,KEEP,none,False,False,False,False,False,235975,14.448,0.04790395125746727,0.7642827033996582,B
877615,CA,Broad-billed Hummingbird,Cynanthus latirostris,KEEP,none,False,False,False,False,False,282794,17.352,0.03225179761648178,0.21792128682136536,A
652385,CA,Broad-tailed Hummingbird,Selasphorus platycercus,KEEP,none,False,False,False,False,False,389285,23.974739229024944,0.0464215986430645,0.951076328754425,B
361920,CA,Bufflehead,Bucephala albeola,FLAG,low_amplitude,False,True,False,False,True,60129,3.456,0.006774074863642454,0.14056077599525452,A
361084,CA,Cackling Goose,Branta hutchinsii,KEEP,none,False,False,False,False,False,262986,16.128,0.02983994223177433,0.7031810283660889,B
584999,CA,California Quail,Callipepla californica,KEEP,none,False,False,False,False,False,1323891,82.44,0.036174338310956955,0.7084659934043884,A
1152009,CA,Calliope Hummingbird,Selasphorus calliope,FLAG,clipping,False,False,True,False,True,322482,20.076979166666668,0.053438324481248856,1.0020400285720825,B
317033,CA,Canada Goose,Branta canadensis,KEEP,none,False,False,False,False,False,1399652,34.7975,0.019298825412988663,0.5541244149208069,A
666132,CA,Chukar Partridge,Alectoris chukar,KEEP,none,False,False,False,False,False,355007,21.837233560090702,0.033326346427202225,0.6293778419494629,B
510630,CA,Cinnamon Teal,Spatula cyanoptera,KEEP,none,False,False,False,False,False,839864,69.576,0.013600742444396019,0.6932483911514282,B
223349,CA,Common Gallinule,Gallinula galeata,KEEP,none,False,False,False,False,False,198321,16.023,0.022074947133660316,0.5604175329208374,A
345878,CA,Common Ground Dove,Columbina passerina,KEEP,none,False,False,False,False,False,898837,55.872,0.011495290324091911,0.1724298596382141,B
423314,CA,Common Nighthawk,Chordeiles minor,KEEP,none,False,False,False,False,False,289636,23.736,0.020097512751817703,0.512785017490387,B
578134,CA,Common Pheasant,Phasianus colchicus,KEEP,none,False,False,False,False,False,1105347,68.784,0.01923508569598198,0.551218569278717,A
533394,CA,Common Poorwill,Phalaenoptilus nuttallii,KEEP,none,False,False,False,False,False,1166815,51.9664375,0.06521571427583694,0.608532726764679,B
799409,CA,Costa's Hummingbird,Calypte costae,KEEP,none,False,False,False,False,False,6184832,70.07637188208616,0.011855530552566051,0.329803466796875,A
135420,CA,Eastern Whip-poor-will,Antrostomus vociferus,FLAG,clipping,False,False,True,False,True,6005550,300.0,0.12593209743499756,1.002970814704895,B
195342,CA,Egyptian Goose,Alopochen aegyptiaca,KEEP,none,False,False,False,False,False,938817,58.29079365079365,0.029676377773284912,0.9342703819274902,A
481134,CA,Eurasian Collared Dove,Streptopelia decaocto,KEEP,none,False,False,False,False,False,783911,32.36571428571428,0.03697844594717026,0.5794879198074341,B
779907,CA,Gadwall,Mareca strepera,FLAG,short_duration,True,False,False,False,True,45835,2.568,0.013386812061071396,0.28656715154647827,B
475180,CA,Gambel's Quail,Callipepla gambelii,KEEP,none,False,False,False,False,False,1196469,49.656,0.03952549025416374,0.6402847170829773,A
465656,CA,Greater Roadrunner,Geococcyx californianus,KEEP,none,False,False,False,False,False,6672329,166.61272916666667,0.044092293828725815,0.5621788501739502,B
150244,CA,Greater White-fronted Goose,Anser albifrons,KEEP,none,False,False,False,False,False,171589,10.224,0.02635825239121914,0.30765897035598755,B
757764,CA,Green-winged Teal,Anas carolinensis,KEEP,none,False,False,False,False,False,2293440,15.9015625,0.039621736854314804,0.7079250812530518,B
551487,CA,Inca Dove,Columbina inca,KEEP,none,False,False,False,False,False,347453,14.28,0.027721893042325974,0.2257334589958191,B
132209,AZ,Allen's Hummingbird,Selasphorus sasin,FLAG,low_amplitude,False,True,False,False,True,137414,8.280816326530612,0.004214398097246885,0.06140702962875366,B
700909,AZ,American Wigeon,Mareca americana,FLAG,low_amplitude,False,True,False,False,True,1724635,107.472,0.00847210455685854,0.2374551147222519,B
452506,AZ,Anna's Hummingbird,Calypte anna,KEEP,none,False,False,False,False,False,92012,5.448,0.054116856306791306,0.6846784353256226,B
491895,AZ,Band-tailed Pigeon,Patagioenas fasciata,KEEP,none,False,False,False,False,False,1337672,83.304,0.014104366302490234,0.15243439376354218,A
145957,AZ,Berylline Hummingbird,Saucerottia beryllina,FLAG,low_amplitude,False,True,False,False,True,569441,35.265306122448976,0.0067330761812627316,0.2949511706829071,B
728080,AZ,Black-bellied Whistling Duck,Dendrocygna autumnalis,KEEP,none,False,False,False,False,False,221112,19.65328798185941,0.043785493820905685,0.7112007141113281,B
132328,AZ,Black-chinned Hummingbird,Archilochus alexandri,KEEP,none,False,False,False,False,False,203154,12.38204081632653,0.010889771394431591,0.13250383734703064,B
132452,AZ,Blue-throated Mountaingem,Lampornis clemenciae,KEEP,none,False,False,False,False,False,89302,5.276734693877551,0.017239509150385857,0.24050766229629517,A
772323,AZ,Broad-billed Hummingbird,Cynanthus latirostris,KEEP,none,False,False,False,False,False,6577792,45.653979166666666,0.027348924428224564,0.6523987054824829,B
132844,AZ,Broad-tailed Hummingbird,Selasphorus platycercus,FLAG,clipping,False,False,True,False,True,732249,45.453061224489794,0.03147106245160103,1.0141608715057373,B
251890,AZ,Buff-collared Nightjar,Antrostomus ridgwayi,KEEP,none,False,False,False,False,False,245815,14.9946875,0.012080810964107513,0.10135369747877121,A
710475,AZ,Bufflehead,Bucephala albeola,FLAG,low_amplitude,False,True,False,False,True,2531785,157.92,0.005592679604887962,0.23036381602287292,A
132948,AZ,Calliope Hummingbird,Selasphorus calliope,FLAG,low_amplitude,False,True,False,False,True,537803,33.28,0.0027192519046366215,0.05306903272867203,B
511453,AZ,Canada Goose,Branta canadensis,KEEP,none,False,False,False,False,False,475303,19.369002267573695,0.15657441318035126,0.9160377383232117,B
611977,AZ,Cinnamon Teal,Spatula cyanoptera,KEEP,none,False,False,False,False,False,140062,8.448,0.01045591477304697,0.10297536104917526,B
608781,AZ,Common Nighthawk,Chordeiles minor,KEEP,none,False,False,False,False,False,1434343,89.328,0.015043391846120358,0.7040959000587463,B
110689,AZ,Common Poorwill,Phalaenoptilus nuttallii,FLAG,low_amplitude,False,True,False,False,True,693253,42.97043083900227,0.007852161303162575,0.08006925135850906,B
196870,AZ,Costa's Hummingbird,Calypte costae,FLAG,low_amplitude,False,True,False,False,True,1255071,78.13224489795918,0.0074868714436888695,0.1590978354215622,B
623629,AZ,Gadwall,Mareca strepera,KEEP,none,False,False,False,False,False,3750743,234.096,0.024485625326633453,0.6815744638442993,B
1080401,AZ,Gambel's Quail,Callipepla gambelii,KEEP,none,False,False,False,False,False,1591306,5.4827916666666665,0.012224954552948475,0.31622767448425293,A
324293,AZ,Greater Roadrunner,Geococcyx californianus,FLAG,low_amplitude,False,True,False,False,True,3651851,227.91836734693877,0.009059108793735504,0.18408113718032837,B
453885,AZ,Greater White-fronted Goose,Anser albifrons,KEEP,none,False,False,False,False,False,362323,22.344,0.029273180291056633,0.696731448173523,B
265347,AZ,Green-winged Teal,Anas carolinensis,KEEP,none,False,False,False,False,False,227160,13.844897959183674,0.04796544089913368,0.44653385877609253,B
114789,AZ,Groove-billed Ani,Crotophaga sulcirostris,KEEP,none,False,False,False,False,False,441062,18.168,0.010593772865831852,0.32439377903938293,B
321958,AZ,Lesser Nighthawk,Chordeiles acutipennis,FLAG,low_amplitude,False,True,False,False,True,1674403,104.3330612244898,0.004168071784079075,0.04571262747049332,B
132967,AZ,Lucifer Sheartail,Calothorax lucifer,KEEP,none,False,False,False,False,False,1785048,111.22938775510204,0.010734107345342636,0.29562273621559143,B
511471,AZ,Mallard,Anas platyrhynchos,KEEP,none,False,False,False,False,False,1563600,55.21501133786848,0.043406035751104355,0.8416155576705933,B
583806,AZ,Mexican Duck,Anas diazi,FLAG,low_amplitude,False,True,False,False,True,1473855,91.8,0.003977298270910978,0.1956331580877304,B
175369,AZ,Mexican Whip-poor-will,Antrostomus arizonae,FLAG,low_amplitude,False,True,False,False,True,379494,31.224,0.007006477098912001,0.11773195117712021,B
154199,AZ,Montezuma Quail,Cyrtonyx montezumae,FLAG,low_amplitude,False,True,False,False,True,1191281,59.32408163265306,0.0004940760554745793,0.041650544852018356,B
452515,AZ,Northern Pintail,Anas acuta,KEEP,none,False,False,False,False,False,79301,4.656,0.045141275972127914,0.6949864625930786,B
218535,AZ,Northern Shoveler,Spatula clypeata,KEEP,none,False,False,False,False,False,283193,23.05240625,0.019183974713087082,0.5325180888175964,B
193254,AZ,Plain-capped Starthroat,Heliomaster constantii,FLAG,low_amplitude,False,True,False,False,True,108941,6.504489795918367,0.003936702851206064,0.16209828853607178,B
583809,AZ,Ring-necked Duck,Aythya collaris,KEEP,none,False,False,False,False,False,117027,7.008,0.011841005645692348,0.23902234435081482,B
321736,AZ,Rivoli's Hummingbird,Eugenes fulgens,KEEP,none,False,False,False,False,False,949947,59.06285714285714,0.010328471660614014,0.3763592839241028,B
567440,AZ,Ruddy Duck,Oxyura jamaicensis,KEEP,none,False,False,False,False,False,1812552,45.125079365079365,0.02263917215168476,0.34616154432296753,B
133556,AZ,Rufous Hummingbird,Selasphorus rufus,FLAG,low_amplitude,False,True,False,False,True,258148,15.830204081632653,0.007459589280188084,0.15218111872673035,A
1080405,AZ,Scaled Quail,Callipepla squamata,KEEP,none,False,False,False,False,False,8411600,350.064,0.020488174632191658,0.6857677698135376,A
624546,AZ,Snow Goose,Anser caerulescens,FLAG,low_amplitude,False,True,False,False,True,669792,41.544,0.009879940189421177,0.31471168994903564,B
626768,AZ,Violet-crowned Hummingbird,Leucolia violiceps,KEEP,none,False,False,False,False,False,5026653,313.848,0.017631588503718376,0.3482707142829895,A
974054,AZ,White-eared Hummingbird,Basilinna leucotis,FLAG,low_amplitude,False,True,False,False,True,2153405,89.256875,0.004734707064926624,0.19469939172267914,B
48224,AZ,White-throated Swift,Aeronautes saxatalis,KEEP,none,False,False,False,False,False,494645,30.615510204081634,0.013124996796250343,0.19671842455863953,A
778410,AZ,Wild Turkey,Meleagris gallopavo,KEEP,none,False,False,False,False,False,10428192,72.392875,0.025574931874871254,0.7079076766967773,A
87027,AZ,Yellow-billed Cuckoo,Coccyzus americanus,KEEP,none,False,False,False,False,False,1172893,116.7934693877551,0.017942732200026512,0.41016870737075806,B
132208,AZ,Allen's Hummingbird,Selasphorus sasin,FLAG,low_amplitude,False,True,False,False,True,424187,26.200816326530614,0.006596217397600412,0.09471985697746277,B
408852,AZ,American Wigeon,Mareca americana,KEEP,none,False,False,False,False,False,5677433,141.8187755102041,0.01779843680560589,0.4548698663711548,B
75505,AZ,Anna's Hummingbird,Calypte anna,FLAG,short_duration,True,False,False,False,True,35645,1.8619954648526078,0.07701584696769714,0.367716908454895,B
491896,AZ,Band-tailed Pigeon,Patagioenas fasciata,KEEP,none,False,False,False,False,False,303560,18.672,0.01455297414213419,0.088009774684906,A
145955,AZ,Berylline Hummingbird,Saucerottia beryllina,KEEP,none,False,False,False,False,False,269151,16.50938775510204,0.010068095289170742,0.3408598005771637,B
219022,AZ,Black-chinned Hummingbird,Archilochus alexandri,KEEP,none,False,False,False,False,False,222538,18.06771875,0.025397244840860367,0.6969017386436462,B
321717,AZ,Blue-throated Mountaingem,Lampornis clemenciae,KEEP,none,False,False,False,False,False,277807,17.057959183673468,0.040432777255773544,0.8109724521636963,A
132684,AZ,Broad-billed Hummingbird,Cynanthus latirostris,KEEP,none,False,False,False,False,False,773655,48.03918367346939,0.012263360433280468,0.32231608033180237,B
132890,AZ,Broad-tailed Hummingbird,Selasphorus platycercus,KEEP,none,False,False,False,False,False,304902,18.729795918367348,0.03206047788262367,0.6542677283287048,A
377681,AZ,Buff-collared Nightjar,Antrostomus ridgwayi,FLAG,low_amplitude,False,True,False,False,True,433712,17.816575963718822,0.00454173656180501,0.02240961603820324,A
132942,AZ,Calliope Hummingbird,Selasphorus calliope,FLAG,low_amplitude,False,True,False,False,True,105231,6.2693877551020405,0.002124868333339691,0.05133398622274399,B
611978,AZ,Cinnamon Teal,Spatula cyanoptera,KEEP,none,False,False,False,False,False,306857,18.864,0.010762089863419533,0.2727171778678894,B
608776,AZ,Common Nighthawk,Chordeiles minor,FLAG,low_amplitude,False,True,False,False,True,905194,56.256,0.009159106761217117,0.2479083091020584,B
632234,AZ,Common Poorwill,Phalaenoptilus nuttallii,KEEP,none,False,False,False,False,False,1254068,78.048,0.011010331101715565,0.12503111362457275,A
196879,AZ,Costa's Hummingbird,Calypte costae,KEEP,none,False,False,False,False,False,149380,9.038367346938776,0.03079020418226719,0.5038765668869019,B
623628,AZ,Gadwall,Mareca strepera,FLAG,low_amplitude,False,True,False,False,True,370493,22.848,0.0031689892057329416,0.1227477565407753,B
636283,AZ,Gambel's Quail,Callipepla gambelii,KEEP,none,False,False,False,False,False,343018,21.12,0.014705820009112358,0.3125704526901245,A
611001,AZ,Greater Roadrunner,Geococcyx californianus,KEEP,none,False,False,False,False,False,10357589,646.992,0.017114847898483276,0.7076431512832642,B
453887,AZ,Greater White-fronted Goose,Anser albifrons,KEEP,none,False,False,False,False,False,119634,7.176,0.018044155091047287,0.6910167932510376,B
452502,AZ,Green-winged Teal,Anas carolinensis,KEEP,none,False,False,False,False,False,593123,36.768,0.03542478382587433,0.6977882385253906,B
1035206,AZ,Lesser Nighthawk,Chordeiles acutipennis,KEEP,none,False,False,False,False,False,3822107,158.832,0.012719236314296722,0.07243192195892334,A
132968,AZ,Lucifer Sheartail,Calothorax lucifer,KEEP,none,False,False,False,False,False,96509,5.7208163265306125,0.020849712193012238,0.1627352386713028,B
1101338,AZ,Mallard,Anas platyrhynchos,FLAG,low_amplitude,False,True,False,False,True,1225672,6.948004535147392,0.008372985757887363,0.1843109130859375,B
621691,AZ,Mexican Duck,Anas diazi,FLAG,low_amplitude,False,True,False,False,True,1078880,67.104,0.004830557852983475,0.25262925028800964,B
34329,AZ,Mexican Whip-poor-will,Antrostomus arizonae,KEEP,none,False,False,False,False,False,797239,49.536,0.027104215696454048,0.45892655849456787,A
254988,AZ,Montezuma Quail,Cyrtonyx montezumae,FLAG,low_amplitude,False,True,False,False,True,2886310,180.06204081632654,0.005812307819724083,0.25889748334884644,A
218539,AZ,Northern Shoveler,Spatula clypeata,KEEP,none,False,False,False,False,False,754229,62.26446875,0.031006556004285812,0.6826306581497192,B
193255,AZ,Plain-capped Starthroat,Heliomaster constantii,FLAG,low_amplitude,False,True,False,False,True,192182,11.702857142857143,0.004717585165053606,0.23828233778476715,A
941132,AZ,Ring-necked Duck,Aythya collaris,FLAG,low_amplitude,False,True,False,False,True,2606446,9.0,0.005475152283906937,0.11105000972747803,B
133346,AZ,Rivoli's Hummingbird,Eugenes fulgens,FLAG,low_amplitude,False,True,False,False,True,590907,36.623673469387754,0.005767614580690861,0.12299606204032898,A
227104,AZ,Ruddy Duck,Oxyura jamaicensis,FLAG,low_amplitude,False,True,False,False,True,197459,15.972,0.0092267245054245,0.3016034960746765,B
1106496,TX,Acadian Flycatcher,Empidonax virescens,KEEP,none,False,False,False,False,False,22695070,118.19977083333333,0.022026322782039642,0.6958928108215332,A
109171,TX,Acorn Woodpecker,Melanerpes formicivorus,KEEP,none,False,False,False,False,False,290108,17.832,0.016146443784236908,0.28545913100242615,A
452798,TX,American Avocet,Recurvirostra americana,KEEP,none,False,False,False,False,False,686050,42.576,0.03990387171506882,0.7066908478736877,B
154983,TX,American Barn Owl,Tyto furcata,FLAG,low_amplitude,False,True,False,False,True,403596,24.920816326530613,0.00697741936892271,0.31514349579811096,A
147270,TX,American Coot,Fulica americana,FLAG,low_amplitude,False,True,False,False,True,161483,9.792,0.004575204569846392,0.0641796663403511,B
92969,TX,American Dusky Flycatcher,Empidonax oberholseri,FLAG,low_amplitude,False,True,False,False,True,238032,14.576326530612246,0.006141770631074905,0.1666772961616516,B
228428,TX,American Golden Plover,Pluvialis dominica,KEEP,none,False,False,False,False,False,62022,4.658639455782313,0.08071707934141159,0.7099189758300781,B
92968,TX,American Grey Flycatcher,Empidonax wrightii,KEEP,none,False,False,False,False,False,2765418,172.5387755102041,0.011110180988907814,0.3233970105648041,B
452826,TX,American Herring Gull,Larus smithsonianus,KEEP,none,False,False,False,False,False,140359,8.472,0.07327248901128769,0.7139740586280823,B
297550,TX,American Kestrel,Falco sparverius,KEEP,none,False,False,False,False,False,285967,17.524308390022675,0.027762368321418762,0.35028257966041565,B
317023,TX,American White Ibis,Eudocimus albus,KEEP,none,False,False,False,False,False,268711,16.464979166666666,0.043224044144153595,0.7314532995223999,B
216516,TX,American Woodcock,Scolopax minor,KEEP,none,False,False,False,False,False,202311,4.863786848072563,0.18193933367729187,0.8031227588653564,B
132678,TX,Ash-throated Flycatcher,Myiarchus cinerascens,KEEP,none,False,False,False,False,False,1622796,101.12,0.02871115691959858,0.7165650129318237,B
750809,TX,Barred Owl,Strix varia,FLAG,low_amplitude,False,True,False,False,True,2242486,55.873333333333335,0.006316672544926405,0.07697658985853195,B
288791,TX,Belted Kingfisher,Megaceryle alcyon,FLAG,short_duration,True,False,False,False,True,36929,0.744,0.02988164871931076,0.15187092125415802,B
543757,TX,Black Phoebe,Sayornis nigricans,FLAG,low_amplitude,False,True,False,False,True,1737362,54.05866666666667,0.0055031925439834595,0.2569843530654907,B
565888,TX,Black Rail,Laterallus jamaicensis,KEEP,none,False,False,False,False,False,2246202,55.960090702947845,0.051579684019088745,0.8999384641647339,A
229133,TX,Black Skimmer,Rynchops niger,KEEP,none,False,False,False,False,False,162151,13.050340136054421,0.08222050219774246,0.6810378432273865,A
705782,TX,Black-bellied Whistling Duck,Dendrocygna autumnalis,KEEP,none,False,False,False,False,False,1184582,29.421882086167802,0.04077145457267761,0.4364127814769745,A
297543,TX,Black-chinned Hummingbird,Archilochus alexandri,KEEP,none,False,False,False,False,False,286818,17.577551020408162,0.014145744033157825,0.2151176929473877,B
452831,TX,Black-crowned Night Heron,Nycticorax nycticorax,KEEP,none,False,False,False,False,False,205697,12.552,0.024270927533507347,0.701155960559845,B
862339,TX,Black-necked Stilt,Himantopus mexicanus,FLAG,short_duration,True,False,False,False,True,32367,1.056,0.010725312866270542,0.07294058799743652,B
218546,TX,Blue-winged Teal,Spatula discors,KEEP,none,False,False,False,False,False,239255,19.476825396825397,0.04434433579444885,0.4717092216014862,B
495180,TX,Broad-tailed Hummingbird,Selasphorus platycercus,KEEP,none,False,False,False,False,False,2939585,73.30391666666667,0.019013814628124237,0.5588054060935974,B
57994,TX,Broad-winged Hawk,Buteo platypterus,KEEP,none,False,False,False,False,False,784132,128.92716666666666,0.019550716504454613,0.6065190434455872,B
247711,TX,Brown-crested Flycatcher,Myiarchus tyrannulus,KEEP,none,False,False,False,False,False,436869,44.706643990929706,0.010013365186750889,0.1559065580368042,B
130831,TX,Buff-bellied Hummingbird,Amazilia yucatanensis,KEEP,none,False,False,False,False,False,413988,16.896,0.03639892116189003,0.7984772324562073,A
92956,TX,Buff-breasted Flycatcher,Empidonax fulvifrons,FLAG,clipping,False,False,True,False,True,871246,54.15183673469388,0.016853811219334602,1.0004068613052368,B
731959,TX,Burrowing Owl,Athene cunicularia,FLAG,low_amplitude,False,True,False,False,True,1213405,30.163916666666665,0.0014081381959840655,0.026478281244635582,B
179040,TX,Cabot's Tern,Thalasseus acuflavidus,KEEP,none,False,False,False,False,False,1267102,78.88979591836734,0.023969681933522224,0.43802502751350403,B
452954,TX,Caspian Tern,Hydroprogne caspia,KEEP,none,False,False,False,False,False,197626,12.048,0.03603101894259453,0.706341564655304,B
34088,TX,Cassin's Kingbird,Tyrannus vociferans,KEEP,none,False,False,False,False,False,480499,29.736,0.03859058767557144,0.7075484991073608,A
392829,TX,Chilean Elaenia,Elaenia chilensis,KEEP,none,False,False,False,False,False,729126,45.244081632653064,0.036166414618492126,0.4348998963832855,B
278460,TX,Chimney Swift,Chaetura pelagica,FLAG,low_amplitude,False,True,False,False,True,114703,6.864,0.003846042091026902,0.122446209192276,B
34952,TX,Chuck-will's-widow,Antrostomus carolinensis,KEEP,none,False,False,False,False,False,946220,58.848,0.06129854544997215,0.7794572114944458,A
233760,TX,Chukar Partridge,Alectoris chukar,KEEP,none,False,False,False,False,False,331301,13.296,0.03212766349315643,0.3390863537788391,A
77519,TX,Clapper Rail,Rallus crepitans,KEEP,none,False,False,False,False,False,549375,34.037551020408166,0.02881770394742489,0.6642608046531677,B
123297,TX,Clark's Grebe,Aechmophorus clarkii,KEEP,none,False,False,False,False,False,140076,8.334,0.03277980908751488,0.7023134827613831,B
147312,TX,Common Black Hawk,Buteogallus anthracinus,FLAG,low_amplitude,False,True,False,False,True,122365,7.344,0.008176183328032494,0.09574884921312332,B
452962,TX,Common Gallinule,Gallinula galeata,KEEP,none,False,False,False,False,False,437591,27.048,0.034958213567733765,0.7677046060562134,A
141468,TX,Common Ground Dove,Columbina passerina,KEEP,none,False,False,False,False,False,258077,15.830204081632653,0.01750662550330162,0.2943485975265503,B
416763,TX,Common Nighthawk,Chordeiles minor,KEEP,none,False,False,False,False,False,1053187,65.51510204081633,0.056636616587638855,0.9331979751586914,A
845953,TX,Common Ostrich,Struthio camelus,FLAG,short_duration,True,False,False,False,True,74316,0.8420861678004535,0.23294106125831604,0.89129638671875,B
656787,TX,Common Poorwill,Phalaenoptilus nuttallii,FLAG,short_duration;low_amplitude,True,True,False,False,True,57800,2.112,0.002731253392994404,0.050621386617422104,A
123582,TX,Cooper's Hawk,Accipiter cooperii,KEEP,none,False,False,False,False,False,340139,20.483625,0.015278718434274197,0.8738348484039307,B
860393,TX,Cordilleran Flycatcher,Empidonax occidentalis,KEEP,none,False,False,False,False,False,215864,13.131950113378684,0.08327867090702057,0.959693193435669,A
318524,TX,Couch's Kingbird,Tyrannus couchii,KEEP,none,False,False,False,False,False,1853438,115.536,0.03332173079252243,0.7443395256996155,A
56210,TX,Downy Woodpecker,Dryobates pubescens,FLAG,clipping,False,False,True,False,True,1206746,37.477006802721085,0.15867112576961517,1.0003025531768799,B
705767,TX,Dunlin,Calidris alpina,KEEP,none,False,False,False,False,False,992265,24.629115646258505,0.05059853568673134,0.39601194858551025,B
200277,TX,Dusky-capped Flycatcher,Myiarchus tuberculifer,KEEP,none,False,False,False,False,False,576348,35.61909297052154,0.01615382544696331,0.34429752826690674,B
231963,TX,Eastern Kingbird,Tyrannus tyrannus,KEEP,none,False,False,False,False,False,157767,12.678321995464852,0.02387404628098011,0.47456178069114685,B
452611,TX,Eastern Phoebe,Sayornis phoebe,KEEP,none,False,False,False,False,False,975159,60.648,0.023525768890976906,0.6959341168403625,B
820865,TX,Eastern Screech Owl,Megascops asio,FLAG,low_amplitude,False,True,False,False,True,6705464,167.45991666666666,0.0033609415404498577,0.03508174419403076,A
994154,TX,Eastern Whip-poor-will,Antrostomus vociferus,FLAG,low_amplitude,False,True,False,False,True,337851,27.744,0.004755277186632156,0.2757548391819,B
428179,TX,Eastern Wood Pewee,Contopus virens,KEEP,none,False,False,False,False,False,1209435,37.64244897959183,0.03584931418299675,0.3182387948036194,B
917376,TX,Elf Owl,Micrathene whitneyi,FLAG,low_amplitude,False,True,False,False,True,3046446,31.733,0.007117026951164007,0.10589599609375,B
154976,TX,Ferruginous Pygmy Owl,Glaucidium brasilianum,FLAG,low_amplitude,False,True,False,False,True,452553,27.97714285714286,0.0062641482800245285,0.23657307028770447,B
230023,TX,Forster's Tern,Sterna forsteri,KEEP,none,False,False,False,False,False,108545,8.592176870748299,0.033654868602752686,0.3904358744621277,B
222338,TX,Fulvous Whistling Duck,Dendrocygna bicolor,KEEP,none,False,False,False,False,False,82496,6.33172335600907,0.035172995179891586,0.524639368057251,B
452706,TX,Gadwall,Mareca strepera,KEEP,none,False,False,False,False,False,242876,14.88,0.01480394508689642,0.47707098722457886,B
305373,TX,Golden-fronted Woodpecker,Melanerpes aurifrons,KEEP,none,False,False,False,False,False,181533,11.04,0.047365929931402206,0.6967724561691284,B
130846,TX,Great Blue Heron,Ardea herodias,KEEP,none,False,False,False,False,False,1084498,44.832,0.033494558185338974,0.528009295463562,A
614743,TX,Great Crested Flycatcher,Myiarchus crinitus,FLAG,clipping,False,False,True,False,True,516098,40.893875,0.12918484210968018,1.389012098312378,B
452998,TX,Great Egret,Ardea alba,KEEP,none,False,False,False,False,False,263988,16.2,0.06298632174730301,0.6838298439979553,B
448002,TX,Great Horned Owl,Bubo virginianus,KEEP,none,False,False,False,False,False,2526789,157.62285714285716,0.01113619189709425,0.23550483584403992,B
900944,TX,Great Kiskadee,Pitangus sulphuratus,KEEP,none,False,False,False,False,False,250399,6.0871875,0.011455802246928215,0.14505159854888916,A
534824,TX,Greater Roadrunner,Geococcyx californianus,KEEP,none,False,False,False,False,False,923647,57.432,0.014166858047246933,0.1160639077425003,B
453004,TX,Greater Yellowlegs,Tringa melanoleuca,KEEP,none,False,False,False,False,False,138055,8.328,0.052804574370384216,0.7074553370475769,A
219976,TX,Green Heron,Butorides virescens,KEEP,none,False,False,False,False,False,78382,5.961814058956916,0.05298464745283127,0.38162899017333984,B
70990,TX,Green Kingfisher,Chloroceryle americana,KEEP,none,False,False,False,False,False,189939,11.572244897959184,0.024717818945646286,0.35756808519363403,B
277744,TX,Green Parakeet,Psittacara holochlorus,KEEP,none,False,False,False,False,False,3463652,216.168,0.019276363775134087,0.7014344930648804,B
218542,TX,Green-winged Teal,Anas carolinensis,KEEP,none,False,False,False,False,False,184904,14.820702947845804,0.0469302162528038,0.7477917075157166,B
576684,TX,Grey Hawk,Buteo plagiatus,KEEP,none,False,False,False,False,False,551704,20.85859410430839,0.03247580677270889,0.5432757139205933,A
299108,TX,Groove-billed Ani,Crotophaga sulcirostris,KEEP,none,False,False,False,False,False,1391564,86.664,0.057421404868364334,0.7028072476387024,B
701065,TX,Hairy Woodpecker,Leuconotopicus villosus,KEEP,none,False,False,False,False,False,66430,3.84,0.028988422825932503,0.3131847381591797,A
222769,TX,Hammond's Flycatcher,Empidonax hammondii,KEEP,none,False,False,False,False,False,95703,7.5009750566893425,0.019726138561964035,0.3143331706523895,B
1382,TX,Harris's Hawk,Parabuteo unicinctus,KEEP,none,False,False,False,False,False,87820,10.396734693877551,0.06966514140367508,0.8021737337112427,A
77507,TX,Hudsonian Whimbrel,Numenius hudsonicus,FLAG,low_amplitude,False,True,False,False,True,176194,10.710204081632654,0.007474817335605621,0.3236727714538574,B
404749,TX,Inca Dove,Columbina inca,KEEP,none,False,False,False,False,False,377274,11.592,0.125168114900589,0.707857608795166,B
210719,TX,Killdeer,Charadrius vociferus,KEEP,none,False,False,False,False,False,538469,26.664979166666665,0.06313584744930267,0.7515147924423218,B
24756,TX,King Rail,Rallus elegans,KEEP,none,False,False,False,False,False,596957,36.93294784580499,0.032226573675870895,0.8662920594215393,A
452764,TX,Ladder-backed Woodpecker,Dryobates scalaris,KEEP,none,False,False,False,False,False,558915,34.632,0.011315037496387959,0.6493417024612427,B
224822,TX,Laughing Gull,Leucophaeus atricilla,KEEP,none,False,False,False,False,False,98877,7.7516553287981855,0.09791048616170883,0.5464197397232056,A
216259,TX,Least Flycatcher,Empidonax minimus,KEEP,none,False,False,False,False,False,712242,17.618707482993198,0.16295209527015686,0.9143511056900024,B
312735,TX,Least Grebe,Tachybaptus dominicus,KEEP,none,False,False,False,False,False,271456,8.281882086167801,0.034667354077100754,0.3694193363189697,B
453003,TX,Least Sandpiper,Calidris minutilla,KEEP,none,False,False,False,False,False,239442,14.664,0.04601607099175453,0.8652287721633911,A
230019,TX,Least Tern,Sternula antillarum,KEEP,none,False,False,False,False,False,59012,4.458185941043084,0.07139632850885391,0.7246778607368469,B
109164,TX,Lesser Nighthawk,Chordeiles acutipennis,KEEP,none,False,False,False,False,False,1012401,62.976,0.01769937388598919,0.2372775673866272,A
363092,TX,Lesser Prairie Chicken,Tympanuchus pallidicinctus,KEEP,none,False,False,False,False,False,2648473,165.22448979591837,0.02208852395415306,0.595058798789978,A
231530,TX,Lesser Yellowlegs,Tringa flavipes,FLAG,short_duration,True,False,False,False,True,34264,2.3676190476190477,0.04293518513441086,0.33094194531440735,B
383873,TX,Lilac-crowned Amazon,Amazona finschi,KEEP,none,False,False,False,False,False,356444,21.91673469387755,0.012343015521764755,0.18245109915733337,A
233658,TX,Loggerhead Shrike,Lanius ludovicianus,KEEP,none,False,False,False,False,False,302064,18.484104308390023,0.013731350190937519,0.10372631251811981,B
453026,TX,Long-billed Curlew,Numenius americanus,KEEP,none,False,False,False,False,False,661112,41.016,0.04162408038973808,0.7073929309844971,B
452766,TX,Long-billed Dowitcher,Limnodromus scolopaceus,KEEP,none,False,False,False,False,False,373517,23.04,0.03626696392893791,0.7046608328819275,A
140797,TX,Long-eared Owl,Asio otus,KEEP,none,False,False,False,False,False,1061873,65.98530612244897,0.05208704620599747,0.6407715082168579,B
297547,TX,Lucifer Sheartail,Calothorax lucifer,FLAG,low_amplitude,False,True,False,False,True,342820,21.0778231292517,0.007544714957475662,0.2303370237350464,B
218557,TX,Mallard,Anas platyrhynchos,KEEP,none,False,False,False,False,False,45610,3.2819727891156463,0.0613185353577137,0.7229374051094055,B
243333,TX,Mexican Whip-poor-will,Antrostomus arizonae,KEEP,none,False,False,False,False,False,705285,43.885714285714286,0.02220134250819683,0.21895097196102142,B
263112,TX,Mississippi Kite,Ictinia mississippiensis,KEEP,none,False,False,False,False,False,369028,15.098775510204081,0.04754151776432991,0.8627579212188721,B
705765,TX,Monk Parakeet,Myiopsitta monachus,KEEP,none,False,False,False,False,False,722754,17.871904761904762,0.021624717861413956,0.43597570061683655,A
